{"version":8,"hash":{"type":"Buffer","data":"koN0LxZxgDzwW4z+UpLzDWQEZbMwSdAx3+3w65RmNhw6PPr6TwmSRPlpwE9vCMMOf/bAn8VmDdL03bwFR51jqGgZw+Ffom667Pdw1lTBElepW1a2LM+SzSMKqTwL4xlkEab5DrVMEzE2L7JkN/m5fpwuhc4ECIlzT+mr0W/wU8w="},"indexValueMap":{"rJdfr/kZw1EQnlVOzNyji7ydm25FqzYMSHYTv9ZBalg=":{"valueMac":{"type":"Buffer","data":"POH8OgJFN7jAsnSPMr3vJan+dzefVV3HXE5TYpJSfdg="}},"S9vW1PMMxxJ1mGtk67CfQf6gwTplczCipEgQgPgxzQM=":{"valueMac":{"type":"Buffer","data":"0/XufdiqRkfODT4T7I/Wzqv7YFQC51qdjyl/mx49Igs="}},"DN19OAyif20Lmgz/cdy1zCMH+qMAzrKsC8iJub9x1uU=":{"valueMac":{"type":"Buffer","data":"ZGzOZHbaJcFcUXvUZPZH5O+9XuhqppIBVzrgdPWZwh4="}},"/fTiv72TYHdxKtO2TekawF6aegaUsLLC/YeMHWX9Zbs=":{"valueMac":{"type":"Buffer","data":"NsB74ZSwdS8G6d9+72IQ6j4+dpyQWUgpGKJ7ArFiO4M="}},"1v3mAFIiUaLyyLEDA5aJrMAJv+tXd3IyHY7joPQhcgk=":{"valueMac":{"type":"Buffer","data":"LM/Wo8uabT7Y1tqRjSeA3ud+Yv9G5mkx1Q7yEz5nkUc="}},"mg3ePoSq8aMh/nDjaaK6YbizWvqXCWo/Mwq58hn64sw=":{"valueMac":{"type":"Buffer","data":"M77cJ6e7JWW8+h6OHQXFjKTFnVTjmo5r5qyNw05oHGg="}},"FgftYzG7egjRAbfRncWYDAnNmJ8jDkREcmpjmP+sdXA=":{"valueMac":{"type":"Buffer","data":"O/fxCOssgTD562aalHwNP6SmCYv9SMEawLrbP7F0tUs="}},"/9xv2JKa2saAEwT313j8XjcpU/PQ8MV/Pf0furVSl7Q=":{"valueMac":{"type":"Buffer","data":"JW9tY/fsWmHoUyu2ZfCVmr8YmrZWbuH0MKB5X97mkiY="}},"mmx7kTu+lhkqL6li5ZHx+DoZS1UxzPUtXssmm05J/b8=":{"valueMac":{"type":"Buffer","data":"rGc/6SQ6JIXfogupnoAxq+y4XIzNvVzR7kLvsfi2g8w="}},"CduEDnMHPr1o0nkiBlwsLlslodFLDizimYukHP0MgRI=":{"valueMac":{"type":"Buffer","data":"bRNDT3BG5a2/5tEf/W9VbEAKhgmdYZ9OKf7yylB0GpU="}},"Kpydc4w2VqnZA0TvUPNV9DdKDaXUXl3ByVk4kKLjgno=":{"valueMac":{"type":"Buffer","data":"9NkLv6C0ePSwST2gajUQ+llEFxkm8D+YINXEdrQfkII="}},"LxnhYgASsszOTxo/MC9Q3Afz/xgQDO93Y7yL7oMJwJA=":{"valueMac":{"type":"Buffer","data":"tZ/Y2BAeFPeVJ5+j0/FOq1UTxwNhEgUmnrIkhk2XptM="}},"c4obPt4tY/C9T919553TKtb82m9kMKJeB9ngwUjQHcI=":{"valueMac":{"type":"Buffer","data":"p1XHNlnfI14/mtS5L+ej/tJU6cqSB+Ocius8NH+MP8w="}},"R+wcvDVVGjEZRj0PJ8zA0ZEZArTO2IPygQUlqQdhw3A=":{"valueMac":{"type":"Buffer","data":"3YoSg6Kzv7+VM7u7wBo8kBIPyIfj/vgRmHdqEMpSk7g="}},"cEKFvu6qqfeo2zBA8dxfyc0iPkUPgusG+9zBV1NkYSY=":{"valueMac":{"type":"Buffer","data":"y3cjtYwoMNs5ysvlB9YQ1NWvy8vl1D+6SSACyJSHeiw="}},"QDhi5omjz1xMvp5J21fBb1vbsHltvU4zUtMKNzl5aTU=":{"valueMac":{"type":"Buffer","data":"nTITOWuWyU10OFQbOYTcwYeqFSDueW8FI55slON1rqY="}},"8H8734VcSZLNXBOoCC9mv5qrFYAJFNQWlkDaz2u9LwE=":{"valueMac":{"type":"Buffer","data":"R0CS70/109KTDhowShyEO0QCvAcosbgOmIExnDYi05g="}},"E+9hzlF/o0vE6FRKdq8qR7cIKQ6+yAWTUu+SbcqWGso=":{"valueMac":{"type":"Buffer","data":"SvLCmJZl1kxIXZ3I9AwjiCi2jGFaQb8DJ4ITXiaxuT0="}},"GXLOZI+fjjmt0haIPE1jF+9sQWtHeay9s1hSPjOfG2Q=":{"valueMac":{"type":"Buffer","data":"x+SZ3CEC7FX+/hU35ksTin6Y1IzymCnChRFcUptmAfk="}},"Enrwn5OnzIV9QA+km0O6UOlRhvjyuLFIzdpTBYSxgrU=":{"valueMac":{"type":"Buffer","data":"YJWU2cLtZtJIaAGVBMSuEBTplFM7AegtnyNNYSea+I4="}},"kwBxo5OgSlX6OYfCCcYZ840GpWVi78uP2n3GMKVYLi4=":{"valueMac":{"type":"Buffer","data":"6LU9ErIfIb+f/aUnQwbYXyUNLZe0BQFx/nyZ81HM1Lo="}},"eXQ3qHja0DEUBA7pc/OYmvVsCXpalPsbxWsSD5u52Zw=":{"valueMac":{"type":"Buffer","data":"rM33PIAkvkPFg02+MvgFhDJeqiUooP/Qh7cCOegHvpw="}},"Amrmohzixp/ME7Bi0GkLfalQS2F7qY1n89UAXRAwsWw=":{"valueMac":{"type":"Buffer","data":"bMDMpWTp6QOikRBR5iFxW+5QtF9+k/o9VPtyd/UNwHc="}},"fgpBc/MESuKt4GcOfQUBvP3NWOaMpdO2rSIhg+Nz9+s=":{"valueMac":{"type":"Buffer","data":"lkDn1uw5Cpb1HQ9OxftKSPJDsqc2hK7oMVAFYzIu8HM="}},"zjMYpGQ+hBOmZRVJ+hJFozavL01haWe7PTC0AQ9G/eY=":{"valueMac":{"type":"Buffer","data":"odpmtC7VkqBgEpFr2HEMt/nTd7BvapMCFgk0kuOs7EA="}},"jKqFUm07T2IyRe0Ga0QVO95X9rdLDBtkKeOxs20ttS4=":{"valueMac":{"type":"Buffer","data":"y/iBqOqn2OXwwr0QzodB1Qs0rDlK7SqKqdzI1Tq+dIA="}},"lNL6fCsxeJ23B/dCrZGBPrZyMMtCCKPiqxgIqy/7zWE=":{"valueMac":{"type":"Buffer","data":"EbYnx6Em70z420gaVV4eK7vemAS68xOVmkxfoWA8tXQ="}},"TqOyQIFhQcX1WYZrmvICXnjo18MDJnLWeut5LvRMOQQ=":{"valueMac":{"type":"Buffer","data":"yoZY+waEgzd1vFzSpLvv01Y6J5vVVNNZ7LYy3vqQoeY="}},"DSuwyoEkVvQOfO11LBMJKwROwOGydHiFhkKq7D4bQmM=":{"valueMac":{"type":"Buffer","data":"G9UwqoW5zFCv9p/Vt24g4AV+budo+rlZItyBNiLt1mU="}},"E/UNJOS8RjETiD++S8V9hQQFDzI9iHDfnZ3K/bBqskk=":{"valueMac":{"type":"Buffer","data":"LoAfddPhjnsyPu6qktkBj3hP4weqJLsG7ogClm1x2zQ="}},"sIqoqQZKgUsJW0MDPxIQg2A4AYL4jlv56KchFPcC/SI=":{"valueMac":{"type":"Buffer","data":"IrHDeTSZLB9a3fZEdvWU3WSs0mqmrNFyrW9nx9Or7Xk="}},"j/lAqmZIMsGYlv38jR67ifCo6BgDRFcAAWBlFcO50uc=":{"valueMac":{"type":"Buffer","data":"l5I+ClD3nEznbVpd5Sr/LAHFwyxD46MpBVUF9YKTcDc="}},"QDFOiDsT8fJMh/0Bfa5FlCwDqnPOVhVyfdb2SJX7jR8=":{"valueMac":{"type":"Buffer","data":"+0O0CuXA5O7RxaZGo/gmrWnqSMmPI4MmboovA1MKrhQ="}},"Cnrb/xxT80UTfhR6qojGhBsZxiUDIajfTrPUG4dGhDo=":{"valueMac":{"type":"Buffer","data":"YryhaBrSmWg6U7Fhojenn4g0Eunmxy4g774UJ/JHpmg="}},"HGL+TJtpjDtu6rannu+e6y4+C0WNuZoVRghv8Uqqow0=":{"valueMac":{"type":"Buffer","data":"sV1MVgYVWb6p7h+gNlbLP8ReG/H4y9o++GZ3RNDmr+E="}},"TZFYNX7FVHfpGijNXtsX4fS0W2AyH9BbK2942WZ65c0=":{"valueMac":{"type":"Buffer","data":"NMg9192xNt3b7+RIkOL1UUJqK9SVVidC1SX8Eo0UV7U="}},"KA61/nGYIIEwV7xouI68x364yVSgd5qC+WCvnsy9vBI=":{"valueMac":{"type":"Buffer","data":"9KbdzBUcyLmmv/eHsY+X9kES78KicPQdD5URxDQpz5s="}},"gnm48tA/3Ff0zgkdLmvXOTb9Q4KN4CSzoawqG+mt028=":{"valueMac":{"type":"Buffer","data":"CKUnP/++9nDPtDK8FfDfDyIg98Wf47aIwNjssEStaY0="}},"RbZP/wYcoy7erPRbkDqzNe6S77JxzIXHwNvD2oWX5aA=":{"valueMac":{"type":"Buffer","data":"iqdQmh5c//4pLzpTIMiQBfIidbkq5Ggapz6qKX6J+E8="}},"Ycj17KDayQ2ElD2HSqVPJldaKDlyS5AG9XGQzEade+w=":{"valueMac":{"type":"Buffer","data":"60pCoBTE0zP7l8rK8/H7r5Jdcof2fRVv6tJKwDhpvx4="}},"dh3mEzchvsWfiFQ2+wC8dc7YjOQna5rTjR1W2scyg9Q=":{"valueMac":{"type":"Buffer","data":"mfVlT6vvAdzrORZH/+sgKS7lVHxiJyzp4/yg0q8wbw4="}},"UWdxABj/eau2kpdjqf0aJCpQuQ60kUn00rl1+jGNoBw=":{"valueMac":{"type":"Buffer","data":"irbHOEgf1ygnw/dz7XQgFRv4x6V59e5RglJvW7HePD4="}},"ImBWX1Zo+r52eHvZy5w1NYfTYAFikHfaV0DjS+0HzxA=":{"valueMac":{"type":"Buffer","data":"QzJHGC4Q/xRUqsTmv+kwlhvLCVXhoDn+GVjMbTdOv+M="}},"ZGMmyJhzDePAGEiU2cuGIZVPcaqiFAo/qJbJdeZcTmA=":{"valueMac":{"type":"Buffer","data":"R8OXqRn54g36IrwfySB5lQjYV53rrHJ+rUe6UKNXFTo="}},"wyMIJl4w686UuCfL8EM+QenELqXlS3lXfO5AY4SU1Jc=":{"valueMac":{"type":"Buffer","data":"kV5aU+UbB7N1mqZbt3qo4T/zjEMcwF5Mk+8AytH3HmE="}},"jct003mtO8UHRvza3YkdeADG8zA2uvXEf6iWzmx2Oyc=":{"valueMac":{"type":"Buffer","data":"tE7896UVQ7mjaMeVFxZ7Wrvmcza33v+JNDGC5pRjcuk="}},"oNqgTW9AuXEN6QVBiBMYiQSHuZNCO3XF1+l68TgofWc=":{"valueMac":{"type":"Buffer","data":"HB7lAq1EJ7Lsm/0Gp24w1BgQN+DaC7lFPcw8fCvDPQY="}},"UW3nnQi1fhpmBq/IFB3Xy+IyiTkNuOYz6DQrur0u6Pw=":{"valueMac":{"type":"Buffer","data":"UrPmoJrrv22mZ/Wxr/Ku48f4b1TwDKRHcHOL6dWmAiA="}},"rYUfm0dIyTEsChVDEW7nn0fewGm5z+ZxwSRcGGhC4MI=":{"valueMac":{"type":"Buffer","data":"+v+ubi5lik/AcNDlF0bPAi65ttg65ErugiePJVRKIcA="}},"ylpPllyZzwTp8AxR+9oAKKC8TBePKvTnnjumk0R7xV0=":{"valueMac":{"type":"Buffer","data":"gZuulTaNuZ9/HQRKAVE6/fjndN+pHtGR/8nhjnCeuBY="}},"rjLJDTi9gKemykGqZOT7zZoLthy28aQHF+GdegQW2PY=":{"valueMac":{"type":"Buffer","data":"OFsLVfH3/783YHU4P6OF1hMMeZZ22Xe261AFKgU/Oco="}},"2ffF2Iprvtxo3P6QD1jakGKLuiBJQqw8NeEotG7zads=":{"valueMac":{"type":"Buffer","data":"ZueQHX3bC4T8I6w8MDMN6AFxhX6DhaOcIiTruYDxi9U="}},"uh8tq66k1R8m11znFuOAJaq1Mb1gOqSUb7fzn3AzBbQ=":{"valueMac":{"type":"Buffer","data":"K6FzA1ZMdNeRyT7oVhtaHEOeZTnrt9dBUZZKeJNVodk="}},"ewvhzWYzM3cvOtdge7p9/fb8LiR8Qg7neVUVz1nQ0UY=":{"valueMac":{"type":"Buffer","data":"G11SljF8UwB9XsF1QRwqZsN/OpOlc1JqEBkQJ9aAT7Q="}},"R432bErKqxhlIY7AeogfZ3L8uu1htGM7lBnL1ZB8nLo=":{"valueMac":{"type":"Buffer","data":"k7FEsSZ4UrbkQ02+1fCLPBJUwCV26R3AOvgwSMV0ZfA="}},"5O1S16POAI6BAr5SaIW9I09q3r8XwcsLBNKZ1mkFV4w=":{"valueMac":{"type":"Buffer","data":"a1CTwMe9tglJWtMbJJhltn7w4UFYE6nSWcZzHfUjPds="}},"ez9Xsws0OMDm1HXZ0a/ENP0QxsGCgTEkiht80mtreFQ=":{"valueMac":{"type":"Buffer","data":"irPjJizCYERHv6HA0gwxEZmIDeORun3SUiGqRETEprM="}},"L8Q9dPUhvB8aXes3SgVH29rxsOmWZVdXHS4XVibF2Ew=":{"valueMac":{"type":"Buffer","data":"VHGUJhzsXpocwMkY2Rhoq/czycD1NQMdqWdLh/FmkcA="}},"40g1rdDB9HLTEti8lDZxURRw8SWkIqZkAo1OAq1D2Xo=":{"valueMac":{"type":"Buffer","data":"8/NBPP6eKbLwUb6N9UDco/iQ5f2TF95fDOvCwo+vJ0Y="}},"geL5KzUrjzxS1FirwMSr2KbAl4nSCi3SpOU15t6JLXI=":{"valueMac":{"type":"Buffer","data":"rT2BV6h4ypwLE0RkB3yHpRyWtpBzvG4HtnXJVBU1B0I="}},"QrvNWxDVzKFguFYx1rjaYDb3s5sjaoHwG8Ste7NlvVs=":{"valueMac":{"type":"Buffer","data":"9OWqw2BktZJkVviVl+CyJ5A4pm1tDNwJBb11FMzqzyo="}},"DHEtEmUu7lmHn5z36pndMUdY0lcZEROWQBG0gHnY/vk=":{"valueMac":{"type":"Buffer","data":"XAJK8/ln+b3c4p8cIL8DXqxTU/bMysxiYQP62J9lhn4="}},"T2mBbsG4cpLQn6Ob7i5HpzwHFLtWVquX5ifgRc8gwpo=":{"valueMac":{"type":"Buffer","data":"9GLhUz1EgPGKGzvdpbjM1Smn59PdfiXoivDrSoq5bPI="}},"sy2qVMYVoR1K1SFhQc4cvBBOjxXgxZIt0fyJWoiX8eM=":{"valueMac":{"type":"Buffer","data":"s5Hr/BupT5szNiCFZrzYgExwe8gobDQRMADupynSdgw="}},"tuPQMSEpySI/ZWFkD5Jb1WUs1JaLqHFJOH/TxOlBhqQ=":{"valueMac":{"type":"Buffer","data":"oj19AfcNr4d4fjF3AxljCCNMSmT2TfQQQh5XpRXPjA4="}},"yloVSusvyULpaGfJBg6i+oRoI3b0vUmU8xMuaN+8CBo=":{"valueMac":{"type":"Buffer","data":"hTmXpLB3587wd3JlpT+4hEqDEETtd2AaKwbngPCnELs="}},"YC/up17PUWulYVaszv1k17ZBCVcF+aKQJ2YMQbdNGqY=":{"valueMac":{"type":"Buffer","data":"E6ZfBmVmL6FMW9jIGhqqDEBX0jCVfSm5RBGpkbgzhjM="}},"m+Sa6Gw+XYxnAZRu72s9XUSaDNBY4X/QJjePAgEj6RE=":{"valueMac":{"type":"Buffer","data":"Gdw88kzmDH5xX095BZtRrGX1qvGz/TjUUCO38jlC5BU="}},"qmGDeAGlGW/MmV+Jy0xq2Q7NAGkUHDpjQDpBuGDi9PE=":{"valueMac":{"type":"Buffer","data":"u3XuQsIgqFPwn3fpMCVTyUZDd2eCs1EI5xq7aUrp5l0="}},"js2H4Pecl8565Qq4F+cNvUL+qmiXfYdMKyJSbSsa9nk=":{"valueMac":{"type":"Buffer","data":"bL9skqclaSQsxiHOLo9lkE5Eg/mC+TetrGEaGfoAlls="}},"UGh1QmKRZCw/qza3//1PAh9xBEFDoDXyDXc9LfakUws=":{"valueMac":{"type":"Buffer","data":"SLKDeYbhTXzWtv+6g9FMNqLJs79Ga44ZhS00dWWpOqM="}},"gw1KiQRZ1z9JiakSH1coRMa2XRnwXlxHkB09/2g4ZlI=":{"valueMac":{"type":"Buffer","data":"sQXG2XNUmk6C8Ec+uSkUNx6v2lqPgtEoIqqwDs3rv5c="}},"gl6x+wne3S4G9KFKjIBBeVs478LwqzfCrhAutVIWG4g=":{"valueMac":{"type":"Buffer","data":"DSwandml4835cIIwYtkE0uGofnNKilmwPBXf4DjOmKE="}},"t3rnzrBuN0othRejYVjHeW009qURKD+EbNgm7dVc5wQ=":{"valueMac":{"type":"Buffer","data":"86GTOZpvnm31ZuqBIQLyYWN0ZeTXA4mP5E7ZUuOZHd4="}},"7XLrSMjTI8Tqk8sWHiFOCRaXaBmHgej+ASchnzBgzKI=":{"valueMac":{"type":"Buffer","data":"zgr55uZDt8Hs4eZSAFTO0f2HEiMGBBdKQZffC9X3ZTQ="}},"oqu1VK1q22lUYSIH8DYPJUYKjsKj/Rt7JC9/4j1TxfU=":{"valueMac":{"type":"Buffer","data":"FWywFZyTnMnPC7EV7gG0cNWC+R3it/E8pUrEZZsQO/o="}},"GBoGOdg9zj8X8G0Az/NdtfYS44aV0T9VZmajuM//7f8=":{"valueMac":{"type":"Buffer","data":"LvNW9rohfCu4XJP3dl3gc+Ol7GwbXRK8v2AJgyvgQAE="}},"zqiDFNKtH0s0tHcs+YsEhcEURGI6qfgYZ6N51p2AZzM=":{"valueMac":{"type":"Buffer","data":"D9PvZzBFbbrvwMBnX7XE/1T8yFEJBbHHQHUI6yMMiHM="}},"MF+RslmZ21raUgw/COe5PFtspHL03bBrXG0KwB6A/W8=":{"valueMac":{"type":"Buffer","data":"G4L2s8rFVeFYKDp4oXGpB8TzjX+CyJG2NuvQ4gj/W/s="}},"+MZMU2NLML/Q3O8rIMBbQ3ZQNGMt38Z47v2JzHZO5WI=":{"valueMac":{"type":"Buffer","data":"OGNgQWwh8sPZnaxheDE5LUA1ljnyQhCGL8MnNn739dU="}},"cyBBDlYKHkcOKYakhfQcmlHKno4C/e3qQYYqPjBOSDc=":{"valueMac":{"type":"Buffer","data":"lI0H7H8QrLOT20x1k3Z0dsl/vFqhUv6GZc5wokklA30="}},"aLNVHW77X5Qma61tTR/40KlVX18ZflRnIBDgp+rvlcw=":{"valueMac":{"type":"Buffer","data":"32A4QUqL66PkU9PHHHz5SrwYBTFmgc2EjJ1BVjH5VdE="}},"1QXt9NdWkaGiANprz+yGcj/M5UQziDPbi66SstZ9Ljo=":{"valueMac":{"type":"Buffer","data":"vfEe5c5evQN3QHSNWYb8Aevo7klb5gCX1ASQyOShwek="}},"ktV7+Efa606WlacZlzp0PUiyQEZxzpXnQ2sQGVpUaiw=":{"valueMac":{"type":"Buffer","data":"5tVOt3TfzWVctb+fJCmbTvWII7j7sA566YzjFFFyGWk="}},"gfCJnkeIUw6QtZJv3iochm9w0fGlZx4jMLS7ctDB6f0=":{"valueMac":{"type":"Buffer","data":"KUJ3b5taS8/ptcaTOUXnGrL5Ay5RZwEBbFntAtkS1Xo="}},"Q3nJ2hsj3DJ4Tt4s2Os45q+bc+LVruTF5gHf1iCJplo=":{"valueMac":{"type":"Buffer","data":"O2IcUEbtH4akTlY6HCoiAqUy/tr7GbVOvRTIaF4o2pA="}},"DrfP1fyXqC8TovuKXz2SNbDRwLGjGHsZd7hHqSKL41w=":{"valueMac":{"type":"Buffer","data":"bYAXhk77rk6qE5xl7qAyIOTvNCNN7C0noHBHm3XkVXk="}},"D8k+ADP05Qgr8bADGcNU1JK2cHTsq4kasgiUKGTb4HE=":{"valueMac":{"type":"Buffer","data":"0uLs+I9GXA2JGIxoGMUM0t6qai2mJy+ETCwAB+BqDlk="}},"pJW38CGUN4SXjutZORVI/5ewZEXXizfE3LSm8MfewQo=":{"valueMac":{"type":"Buffer","data":"+kZvRTaS3a4TGd5iQd6U3R0+f0qF9PTcgOkfv0orlkA="}},"12U50Va2slb2GHTobEPCZMfldnvEbgVsL7zzMPy/nZI=":{"valueMac":{"type":"Buffer","data":"ofDPvKTL3royuWDhiTf8rta9ri1gamwRcvG9aELhreo="}},"ogtOGaWBOdDnx2AkUHFcM+m1Du5qdEgsShsNMd8QJzg=":{"valueMac":{"type":"Buffer","data":"RVHma7avZZfknGM8DxyonPlJVXzg1AltTp/wazTWqCI="}},"F1ddJTaoq+oUtqLfx/tY+tWQKZ0h9b2KVqOXyLRaMWM=":{"valueMac":{"type":"Buffer","data":"RjatYrdO60eUx56yK8WIOPKXrFpsHzN+j2oqI+ysONI="}},"dirGaZWbdVsQ77IwB7xANRe10cSM+MXB1XGHXxyh/gc=":{"valueMac":{"type":"Buffer","data":"OwZRMCx9ZQOpa8IATicvZqdL3bk4bUXFE5kiTuUBCuU="}},"fB9jOGb+ihPkP1OW4+3wZiNX6NhzTAAfBW3Y5SadBc0=":{"valueMac":{"type":"Buffer","data":"77VM1SBLF/k0jgLziECICbCm64asVtKtQRlfr1m7S64="}},"xv2H9JZFYA6UE468w+36R8flU4oddVoBxyHJ2m6FyEw=":{"valueMac":{"type":"Buffer","data":"v605iSK+he4SnlOWBBV8cNrt7taHO+Aw12cjxZGj6oY="}},"+i206HuVv2LgSNWKD4FzIUcquwv1krl4dmWJxReCCMM=":{"valueMac":{"type":"Buffer","data":"aG6hqx4f0Z05Y4/wqwoxRHoAHFPsOdZlnadec8fWtks="}},"OigVwjcwbq8KMdNO/Libd+eL1HwcoMHl4/tHGFk2YZI=":{"valueMac":{"type":"Buffer","data":"mWS6uWLD4FDOvJrjw1KywtZDg0fV+BCPS8gI0S53PMc="}},"h6n44w+Unnp+L0jN4umGf3Iz/tQCw+bi05+oiuvC0AU=":{"valueMac":{"type":"Buffer","data":"/m8P836MhVc/XCi1n2QBbX3gO3q/zrfEkp587583gas="}},"tAWPApwl+Tf/pHS4pRI6WVgMnD4qYKsYMqu9EK7gR5w=":{"valueMac":{"type":"Buffer","data":"/sRNtDMI1NBA479Tk2RF6XfzXIAtH5kmtlMZaaCMGJc="}},"MvD9Ihk93+zJQDlr/G5K0YJebgZmVTfgLIizxcncR/c=":{"valueMac":{"type":"Buffer","data":"7xciSxDUyj+3110yBtj8zPKyh1UR/AT1SyLnnB/0eOs="}},"yHrBDBwwNXssTLG0FIN5/sJ06xLPQ13xbiZtEzbaAHM=":{"valueMac":{"type":"Buffer","data":"E6GcRaZbtsyZYTNCSHl2HbBIMaRgeRvae59wxUFEcSQ="}},"zDhQEHom0PDDHw2RGHBqwbTrLVUNHLQog3OPOGjquO0=":{"valueMac":{"type":"Buffer","data":"yVgd2fQiIYfdEJ0WpMgdgOQV9i0hVDJIrhP2CZDCpRQ="}},"+IEeurnirDAReFO4kFAnI0JoD0hdUC5xtY+r+NkrDVk=":{"valueMac":{"type":"Buffer","data":"tB6TJONruRAptMKktOjIJGCIBb+gjdNi8H2KDBRScBI="}},"HLQF0a9HoG0+YM1vY/Lt6oY1CTGoVg0Y/4d9lqzir1w=":{"valueMac":{"type":"Buffer","data":"Uu2Ph9w/rnzDzH3I43sAa+WZ9ojxTV3oXNLgrAhHEzs="}},"7meH3kiCjM+4G3Z1BMMdIAA4o+kR53HmrXt5SGJyBso=":{"valueMac":{"type":"Buffer","data":"gStqJGoZl1dp/XXTxEUoaSV+JIcIpxnE1SfPPTcB56A="}},"ZFjnqkhwz1aXOhrztHc1IwsaPCifXoIXqelULZ7T90M=":{"valueMac":{"type":"Buffer","data":"ynuot6QqCWZP59uQkM/5sj8rz6uV962hE0wC4QfVaeA="}},"7t8MFiS/qom6ioRbRdpwF5WVvNviU5V/TJKMwUvXc+M=":{"valueMac":{"type":"Buffer","data":"jukRZQYgflF0Ju2v/edHCmlPRGzlIwpJVZrGh7OoRdk="}},"YJ4QLWCbC84l3Q3y99mvCNO0lK/h01ZISN7E9DNux0k=":{"valueMac":{"type":"Buffer","data":"2d1PwzvrcbDsrL4carHWmFDvlXiBqz4yuD3bQZn3ivQ="}},"n+AbS0b8/gZEuOjURKrpfYeXyYfPf8S8Am9+NQIo3Hc=":{"valueMac":{"type":"Buffer","data":"bu6idBDrNjyu/+/wegeqHNRq/QDh90R8S9beCqA5e6w="}},"WxbK3e3LpDlTkMLYACXiNu9SzAhBg1gt/GGgLPMu3Zc=":{"valueMac":{"type":"Buffer","data":"ws6NbShdgJi2/MeTxt/hL+YEgLN081s9L8hRFEhRpM8="}},"JV1Qdvt3KIFlaKRcs2U+IzsLq9pbKTyG2LV3dvGn3L4=":{"valueMac":{"type":"Buffer","data":"E7fn3A0DupsB3EEjDEbeo/uDjU4sK8QmorWKlKNh6QY="}},"hmIZcTbmNpwHjHx8HsGBVueWM1n+vfYKYe0yOZA1zr4=":{"valueMac":{"type":"Buffer","data":"kwPI4OUAGAE08A0lK+mid2d/fzI63fIJ4MnVdKTSrxM="}},"QxAEn3uRXw1sIR/upvz7O9raT6Gi7aKTXrTP+IXdRwA=":{"valueMac":{"type":"Buffer","data":"Mmr6VHR+fMvFDtWVqzi4lqMU2HzxhCNbHsUWsTKzULo="}},"KFEmk5Pwu+YNOZGQQVNBivJguvs9xFfsTlakRofndz8=":{"valueMac":{"type":"Buffer","data":"F3fjIkTZXumANKfQBYSULlcJIQIZOGdLvmNTESLiN+Q="}},"UCgU5yDNWWCLSC96RfC3eqHDTQoTWPc32yaLtUF0uD8=":{"valueMac":{"type":"Buffer","data":"tL08l6fm9/x7wmTsd5KF4G+PHcmsPmkN4G1petcMy18="}},"wyPnoljo3vqj1gILCDHjZ2ljVxZhoScPT+8m/fMNchA=":{"valueMac":{"type":"Buffer","data":"EFd1vUch4iaIt/+wLpntqWx3gROmkOX39srX4Jucjxc="}},"YinlGV+h3CKqGps4a7aXX/KH7Rz2QuTcaTBpPfkciFw=":{"valueMac":{"type":"Buffer","data":"K8U30UrNdWFc8WFV2iTMQBMPOY+aGNRJex3dVgfueWM="}},"oCtjg0BuEG7eksq5duzROyWgDlV/ZnAe3CoCj16hc34=":{"valueMac":{"type":"Buffer","data":"TWNzvHn14mxx9urEa6nre+LHjAXXjE446nR3tTrmN20="}},"4ySqZi1qf82gfl2pDIsAKPvHz8a5lm0u4c9oWyV5nGI=":{"valueMac":{"type":"Buffer","data":"zS9dQWPLF0Pe3JaConlfx4QfNQn3gPW07jlv8EB1yt4="}},"hADpd6OLz7SYFJXh/kcoFQcn6cA5GzNeeoVMRsxyzpc=":{"valueMac":{"type":"Buffer","data":"xxn49Hbg/O9p6RZa9CW1YTdkxYy+7ZGqABC6gHJaOyQ="}},"1iJOrUXH+cFUJv3AKZF+9PcRBSCyVKkLUkL2yMgfopA=":{"valueMac":{"type":"Buffer","data":"OhOWRjx+bRY8dd7Y+m6c8yD1nw4/1Xo6II0F6em4VgQ="}},"FeSyl4WUCzBKrGKPsW6e0BFFVX6jhe/8hikSzCDns04=":{"valueMac":{"type":"Buffer","data":"ZeBLHdtk50i7Rjbm450C3XqnYKsFakzgvjfyKxIWkw8="}},"Zchl6qfLB1vldnmpXe+t9G+huRfZ0Oe6y1vfk9TfJKk=":{"valueMac":{"type":"Buffer","data":"wz/oLANn1C3r7yYY3YcDvnKQ2j9P+E8HhyW4UaUxnTs="}},"QVmbCtXT5EqyPKSEbw8P+dL968+4FjnH5C5L02OBvhw=":{"valueMac":{"type":"Buffer","data":"sKg9PVNvuhcLEySHmcDW/wA4Hy6nHGVYqa1CCgfwvaA="}},"qQHLLxc9tir6hBXTFTk9y5kAWTwWhoFKSzTgTxeSvNQ=":{"valueMac":{"type":"Buffer","data":"O22D1pNLCGRyZgIHrkyURyanmLG4HtaiN1X9elANcUk="}},"gSZzcHLyA9calz1e2fULjLnPjPwBsjacrELrk8oYNgg=":{"valueMac":{"type":"Buffer","data":"jMIRhKa9kGb9uVokM4Rgv3rOlZWv+bUgCtAk4pX631k="}},"p8IopuqxmwmN9Frymv/ISlIXJofE/YT8jf3IiR54Y6E=":{"valueMac":{"type":"Buffer","data":"Xf73R6QCFDPaS7s7s2xuEBU5d4snMArdRbxv1BhCIQM="}},"qLU5/XXPI5ETSaKMnBBFAq2KbD/ohFsJ1Rni8ykhbtU=":{"valueMac":{"type":"Buffer","data":"4Nj+WPHuchpd1uvPtmngdjqgEFlrZ4w1/wG0pwhQCOs="}},"3kL+cw76dJmx3Wquq9+xxspm0l9x7fIjK6n7pcLHk4k=":{"valueMac":{"type":"Buffer","data":"PGrdZK0kNV0rMUNs7IgadRFjl1WHs6cBLgTuy6yi7y8="}},"3Eik4g20HV+5eEHg539jijkQYR0anjEv9VtMdbTpVWs=":{"valueMac":{"type":"Buffer","data":"x0rbFpmKA9TdlR9Fv9RAmsQm0a8duUfOGgf/PmU59c4="}},"I0ZHhNxXxkAOW95XFfiA6axtPnCpt7sueWXf7gHsD9g=":{"valueMac":{"type":"Buffer","data":"jaL6nNhRRls4nnSXxwfaGHT0b/C/qg7Vn7cpzO91q/Q="}},"rb/xCNu5/ZgoR9XTCGqo6RA6hR7ZcINDmBaJzbHFXzw=":{"valueMac":{"type":"Buffer","data":"wuLQhc7T/xdVivR0v2vee/4SsCLhwuEJqltxfTULOh0="}}}}