{"version":19,"hash":{"type":"Buffer","data":"V57IEcL0TyhPbC/fkaIfpdw5QDLX4tjZY8oKliytymqQjrg2fXFDcPuk6/AYtEbgL80q9UUvAetr6q8RXJoAYaFmxZvFlC1Y0tKH+/ixP7Twr84dBrCkhh2JmwNrU6uZ2c/JFZuLeMHYjNUKAd8S8L9hn1oUfGnrkDYWXmsgJWw="},"indexValueMap":{"AF+vYPy5JTvExCH6b3M6uB97LGtuGnDfb9qSl8/2aFQ=":{"valueMac":{"type":"Buffer","data":"gPUgpO4pFjeOdZ1T/Rj+lEUO+BVMMf0GvbJL/zsPAO4="}},"AKvialKbXFaipyseRSFqKehZCj5H3lYmPeTPXN2izQk=":{"valueMac":{"type":"Buffer","data":"zse5Ikp5WG7H39ry0qBgis8aYUq60TY/NrY97HCStd4="}},"ATBpSpmPO0ho3c8mJueLZXGQo75YYqgFiNpCXSBhyoA=":{"valueMac":{"type":"Buffer","data":"QbszjvwDdibaWspZ6Kz3wKoQyaoJagXM55t+vAg0zWA="}},"Akpl40uyXMV2PVpgOFkhHJ5mGWXSq6IomnhzNkGYt/4=":{"valueMac":{"type":"Buffer","data":"GfwiE5VhGmv5WThrv1nkX6ICqoeusbfv1HUfFOLfR3A="}},"AvcnPN0f87MDQpRmo7/+DRrcwxTmAoFkcpkEQqtaxzo=":{"valueMac":{"type":"Buffer","data":"SlrchgUidxETgEJ20UUggVatQfW36upL4vFo4LotmNE="}},"A0zYneSehydZvlsT2kbRGJkbKsSDPHrGRtcFdxW3eVU=":{"valueMac":{"type":"Buffer","data":"dDFsfNYTTVZe/QZHs+0ycmPq90/LfhWOU1MRAqqUW2U="}},"BODVzdKzsvlMeSdWb0W8rlTtxA4+dSyhD9Fum12MS4Y=":{"valueMac":{"type":"Buffer","data":"MmAFTAloQWuxuj24lS+KO7kZr342RWE9hBAIoD4RiXM="}},"Bv0lgvbdkcPNvuQqDprlxdE9RHX6/8mSkAFYcae9Eeg=":{"valueMac":{"type":"Buffer","data":"O0RCZNnJkQcQI+LgkT8LGkKyVZHjDvon+t2ldB5/KF0="}},"B3WF7I22uXPqfhjcV1jzYyN5XTnj4z/n3kje7q2VSds=":{"valueMac":{"type":"Buffer","data":"EpPBEFmzCAGiCHDnm7HVdKWG2idNbnHC0Pp8j0gAo8Y="}},"CCo7iRqT2gJBD+u2kFs1ezvgjAP8rgSuWObbhQcgzU4=":{"valueMac":{"type":"Buffer","data":"ZOW/af+mNScln4DMqtXMbp8c46uJPQtgYujBq+kXV+o="}},"CFrm71Sf1gElu3Xveyp8kA5qMpCkLtJtYDAYUbP1/aY=":{"valueMac":{"type":"Buffer","data":"0X52C8NpYfZdGFS4feSn63K3CAlkC9wbr4InVlqYTSY="}},"CaZPIlcoHY/hdA+tPuHak+MIm7TBkqMN80TiH4DaG98=":{"valueMac":{"type":"Buffer","data":"2kiXje86zUvabvuRWiY3OyI6smPpoStP+NXt0xq0tng="}},"CcS1f2FEnzTSMxuJktJOxVMFUlrblDFgoeanLQGjrmU=":{"valueMac":{"type":"Buffer","data":"Y0Gj8j0CdHGqa67pK60O7g9jboJ8O1L31qGR18/Bsj8="}},"CiSt2G2y9MSdleUMJs8RtDsPvY8Jc+dTT3huZ2qksFA=":{"valueMac":{"type":"Buffer","data":"CQOXI3t2+RyhALU6DYMas8cy7XyUXJ9q+dY9wTlxfJY="}},"CuIGnKGvbac48JpPyGcTHqCwZXAjR022VThgB/AHFAk=":{"valueMac":{"type":"Buffer","data":"TAxPI2kIIC6tI0LPZev2uh3It+sWqfpsh8xh8zjlgzk="}},"Czrrp2Q/7JfncFpyEyal9nxoPLW1MjMTk5BI5RMLEnY=":{"valueMac":{"type":"Buffer","data":"gqfsoQecC+yXGFvSuDfB/hs43JaT9ognUryiPrE2ajU="}},"C1oIMqE0T/8tquKqq1YRHH/Irn8yviwrFEjVzxileuM=":{"valueMac":{"type":"Buffer","data":"a3TFgwZaY86j/NJnCODtVjiesh8Lp9uVigxzEkck99Y="}},"DEIhAn+pN3EQTGJ5pjCde8kVMsQY4U2ABG6Pnm3xgBc=":{"valueMac":{"type":"Buffer","data":"OsUo2CLmhAv5BKrnlSyAR5HSHHMJF0wiVPfe2QFDlXY="}},"DjsFCBoTRaqMG2mQdQO9Qaqqb4V5n7JJf+dFyX733SA=":{"valueMac":{"type":"Buffer","data":"diZh/ijttCtTg9Il7gYqfBPCgm5F1379M7GYdSA44B0="}},"D21GEKMIUM6OtrOnPu2xsj+pFfbNgbSY7qEa0bJzyk4=":{"valueMac":{"type":"Buffer","data":"d6L8OXfuS8maYyH5oNpxKf+785nR2LjM3FhOuFaRM7c="}},"D3FK/zpWy5RqdXB+CmiR02odBTEzooh9hgChmcOmp30=":{"valueMac":{"type":"Buffer","data":"DsJOgsdo/KgOHJYf6DcY7+g5Fwgon6J1lOvMlfY6lQo="}},"D5phtf50QdaxPWNhzGAezrCeVETRRR42cwquQl9jri0=":{"valueMac":{"type":"Buffer","data":"6lLVCJ08bz1l2a8EDdmOCd1uqxknzEyDURKgpIsH8qY="}},"EJTE9/jl9H9T0M4M8ycztNHRzgmg9D5J+PEooehaKyg=":{"valueMac":{"type":"Buffer","data":"MG6JAs1epgvM0jLqcETWaoAAGmdSIK/k7bcSx9pboGE="}},"EgWoCrXn9jeShGzaYqSkx9XEj1xjE9IlEvmMR3FFy5Q=":{"valueMac":{"type":"Buffer","data":"Nu4CFwFd+8IY0xWhgaJBeXsaLgYzIkVQK9z45TuIMkQ="}},"ElsWGU5/jpQvs1pBUfolW9R1VJ6AhknY2+BHiDTxtss=":{"valueMac":{"type":"Buffer","data":"01qGKsp25+RKm4/cIeI+8w55I553cgu1YP51FqMgYRg="}},"E2HeFAWwV7iY8KQQm4sGJdml/HohLsInHxITuDLVKXs=":{"valueMac":{"type":"Buffer","data":"SyDq58DhEXOCfhnmgsf0+xjd6ANgRgvBCEb0TUO4iX0="}},"E5ebAMjsn3DLxva/44SOq0kIGtsn853CVd8Tjx/SqSo=":{"valueMac":{"type":"Buffer","data":"Y+mzZwYDkcY+h1K1onv+TFpEJD/L7nmkDnCfNpqdpHE="}},"E6y8GJCw9Q93q2KcmhTFaE0fNEDomIZiF0P7XehOfLE=":{"valueMac":{"type":"Buffer","data":"JOjQexRbxj+/stfkTmvfsjhIQy2/DhlugAukmxQAh4Y="}},"E+0ABjFu2FKHOVflKqES2/v98QxaXTyE69bnH2YUutc=":{"valueMac":{"type":"Buffer","data":"8ZcHTgHTa17ghUF+xWEVBB/AQs0VpFqSMj1NT7I8gm8="}},"Fa9n9Qe7tOgopUs1zzs7sNfsdlVrvO7924h62PfVExY=":{"valueMac":{"type":"Buffer","data":"Lw1TzJXf4BgDxfkcQqVYhA4peOdvgfXnr2lQ4OpT2/w="}},"FczqRz9XAHQIgjydrWq/MwjYxyqmjr6+6wV/A/PRjew=":{"valueMac":{"type":"Buffer","data":"diRTzW38uLAZld9uARj+bZP6J9oTo2MxwoI/eE00Ku0="}},"F4yE62m2IZQeXKCOIyNAhQtsCB4qEAaGmMEN1xMymY8=":{"valueMac":{"type":"Buffer","data":"+aCshhT8oaWHapUjg1zv9U15/CkysI5H8M4WrDHtpwA="}},"F6Sp3rzVxaMPWc2dyqD36wLemEYdSh5psdfT9CRQnyc=":{"valueMac":{"type":"Buffer","data":"oT57KzvuOdVPzpwqrOynpZpSm+u+30t61VrtRmocwYk="}},"F+Ys/reoCOAAd9e1h3WBb5Aub6Rz90cUGn9aLTtpeos=":{"valueMac":{"type":"Buffer","data":"EFAXOxjLktdUmNtI/pfSyH772CjGqgZoLVaiVz5Y0NU="}},"GGNW9rsUZuAb9s1HCzqNPDuRNWDwWkoIZPZYZX4KKOc=":{"valueMac":{"type":"Buffer","data":"+M6NmEled6fnZbjq+cvT7M41NrbzKri9qBv9NiOgTBo="}},"GIdxNqxF+MO4fRoJHSaz+33C4+wNKjcte9bBMbvixfk=":{"valueMac":{"type":"Buffer","data":"dABCbJYR5Lh2Jfv7wDdwgUZLQvPOXCBrxfnPWt8bnVw="}},"GYiIjRcN7ImMVd+rKUQmDVK19KE78MtfyNTyqzdeYfY=":{"valueMac":{"type":"Buffer","data":"2UwXYgmXVKeRX1N3iWkeurTKw7MWuavHRPQFP2YdCZQ="}},"GhenM8VZE2V7bk+EuERfTGsIVr8NSU5/7vi65Myt3Hg=":{"valueMac":{"type":"Buffer","data":"t7A/y4uuUyNnWQp1gKdp3UfaI4LFyrhPkGD3YPXmKOs="}},"G1klXosIMW6Z0roZxcMDbFcQf+G2z9Sl7zoyxc65mvw=":{"valueMac":{"type":"Buffer","data":"sN7NO6yjntP6c9o54vJ0Ugs1nwoVrmvHvTw6D71un8w="}},"G13h4N2WMOcdh1yFRdG8dbmpFgjrIPjGOf9XO6u5dCo=":{"valueMac":{"type":"Buffer","data":"pjSg8phylAxB2m9miul7DFQ5wJma/f4VxXOEmFafPPw="}},"G2ABCMRbq0zwIzHQfnIIYsUkbKLnTGXhfM3XiJ6Sc48=":{"valueMac":{"type":"Buffer","data":"01VDF9GMpLasylFMK0OlrjF4KEKVaXgwtOYfL/9nh5c="}},"HVpu28IVKwOKLKdRJ5POsO8xfxTZHbwxBjLOgJ1wUEM=":{"valueMac":{"type":"Buffer","data":"JPwso4n1WPilMbii4ZNEuKWaFBPbRHykaFZAgaw7Ee8="}},"HXzeTwFNkUJI8myBQKrh/fL8fcOf/ZQ4/NmRfib8xd4=":{"valueMac":{"type":"Buffer","data":"1YDfUTb9D5r55VTwiW5F6BkAOamtePRe7B/P+g21EuI="}},"HYeByrzKhl0zNV3vMbyGEfxMdtsEsLWhYrOGctFnSjE=":{"valueMac":{"type":"Buffer","data":"+ft/P4RLTbuL9Kbagr2iWqhT7bCTtsL6la38aO4E/4o="}},"HhClb5CdyFVh9jjmE9iZCc33Ba1tF+/9xTwI3p2YKqE=":{"valueMac":{"type":"Buffer","data":"gKuztMnq1NVAxtwk+KL9y2SmfjzfaV6XUu9pnppS3K0="}},"HtO2BYwqyzYNTb4UVJxl5akzxnDvAiqFIBzCBwZr1Ko=":{"valueMac":{"type":"Buffer","data":"yKHnHNzsJ7x2c4VAbZ9zIqarIOp49kLKS4pzTVccUlU="}},"IDFhvbcBC/Oh+cUOSwseDvW8PMY/CXu/OXdpzPWoA4Q=":{"valueMac":{"type":"Buffer","data":"eRKjRFHdDIZu1s1+xeRotezvl9GtniOQCSBX3WT7eMU="}},"IR3n7txPv7u8wpk0FghIk4xD92sB9fKAYPhbTdqZa9Y=":{"valueMac":{"type":"Buffer","data":"DmKoOYvVtFTPmm3eIlsOixTAjzEz8FJI3HxUhEfaofU="}},"IThLCQn0yz1xAZt28ocaQr25PfvyH6dQrmW6cH0/SaU=":{"valueMac":{"type":"Buffer","data":"hz+pDTzUXREYvct6KQ5g3y/IYrSIFv/e0g5CUR7irPs="}},"IWq0zbqAV+KcoZ+EsddpEBs9sgl63UXgD9BB0ECjzgM=":{"valueMac":{"type":"Buffer","data":"EiQhOhglDWUUyQWhfgQHaF8YtWshduUarOgfKJr9yBI="}},"IbQH4CoehEOPZIHtID4lFi425aZCtxU1XLQVPbRlIWM=":{"valueMac":{"type":"Buffer","data":"yKFNEZJSblHKJHrxf5jwgjrmilRg0eJBlZMv8TEL1xs="}},"Iht5GXcbBc9lPpt3Cwejvx14wx4SRXoxoUUyKXb6JNE=":{"valueMac":{"type":"Buffer","data":"tD3TWnI8bhoKBeOBEtO7wYDQJzOJFB1fdVxYXtCnTO0="}},"JBNjm5Q9XJk42eFDW8in7jUyvQQP3zDQUP9kEIoVeIQ=":{"valueMac":{"type":"Buffer","data":"b59ffBxm6Nv0w6XIvst34lwk4Dl/X4fK9KktLbM9IEM="}},"JC4y0oit67Svd8Jn46vSzcvpij+bWlkb/0xSYKb0bXI=":{"valueMac":{"type":"Buffer","data":"hwLxtHgrbspnpN8FAHxXuBuiE93i/wd+XVH2w4WV5Yw="}},"JaQwqe1I+sIhtlWJzXI5kJB7x4hfuPigxGx11qaWGLM=":{"valueMac":{"type":"Buffer","data":"/UgUzdZP39xtwO1AsEUd25ZOsiP9uhHbdGmDTaLQUxM="}},"J1GdeH8gnAC4dz6U8M9AmjcKCXa4uQL7iE/lfjtjzSM=":{"valueMac":{"type":"Buffer","data":"E/UAZr5wlW1ILDuXaeTr7IVIkjtw20snJVe21FNfL6c="}},"J7HmZNIvXwVpsoR/dsKGlOmJjJsBL3OpzXgKUOfGrSg=":{"valueMac":{"type":"Buffer","data":"MPSs9rkUtevbDzQ+QR3ZFAtUfZsaZND6Gx2+TqLlJHY="}},"J7LpVkvsO0C2m0JmshrYaEXbfxp1hA70HSDwYy1s5xA=":{"valueMac":{"type":"Buffer","data":"vVLmttHJZmOUJIounj+efOwqI+Z1gtfYyY8kESsl2dY="}},"KeFsrsqhlS9ym/g+dkrg7MCvEFJxPRZHv2DXx8BnYC8=":{"valueMac":{"type":"Buffer","data":"kytq7g6jBKpTqYPu9Rt/bxjLUuSKW+dg63nIG6oy9e0="}},"KiAqXZf5lSWV+8KLgVd6QpvKQQxMvaXW2ViVIaPNQqk=":{"valueMac":{"type":"Buffer","data":"7OfmVE62u95XqySF/tIKG3+SqlVliO5Ag7wwQYMmP2s="}},"K6j+02Sx6ptUU0oEPJxJVMny5DJk4Cn4Gd50wnvYvgI=":{"valueMac":{"type":"Buffer","data":"EVGh+N5ByLP/lDMv7jKpUNRCmgcfpUjNw6Nqs9LYU0c="}},"LGxaLG6wG74O8CMYt/ygyLQxIxILvx9zOiLoI7L+LnU=":{"valueMac":{"type":"Buffer","data":"VhO6Jd28EvC5zgCPoBYzR+NwyYfkS0jLzaAPq8gLJWM="}},"LLGdG2dI0uwUV8brzN+8QeTHywl5uj7Tjk2ZrTbEY0Q=":{"valueMac":{"type":"Buffer","data":"cnly4EjC7LpZLgOwhnsMF/6dfgAOggosMncM8fbUL80="}},"LN5ICA3GTShB0eAxviQOaamr0aQKSg5Ia3fEu9SeUzw=":{"valueMac":{"type":"Buffer","data":"yCVJr8BWy+x8p9yvSwcU3WEr7udSwdK9/TJ3EuwEf8g="}},"LZzzVKoxJ4XrRuaIIQtFQXXnaIh1qmEfV428ZOIuaKA=":{"valueMac":{"type":"Buffer","data":"+tmRg8X3yX82vWtAeVxeiBN9W5JOGxbdVU1woEyA24Q="}},"La2g73HryYYUqD7uAQr6+YbKUBYrx6aIHvEzdAYrfVA=":{"valueMac":{"type":"Buffer","data":"AfzFe623oHIIWBeNyduEQso50Osj8osGT2wJuv+luqw="}},"Lr9QsxqW503j/2aDof8oXQZpCMQ7WHEjUpp3Df/o9Cc=":{"valueMac":{"type":"Buffer","data":"CzM8KOoR7IM2JXpJa5bX+wxGFg4A2JkvXTietQP3KDk="}},"LsQEdOu3Z2eyNeeZ10JN26BVhYh0s69yUmTzWiwu0cE=":{"valueMac":{"type":"Buffer","data":"5JWtiHbJJoZgGgCgIsJnRVqP7DnsKnzM4jWQcFFOI00="}},"LzO2eADM3pKVNheKT2EYoNoUH1SteJcFRgkjwdQCqIw=":{"valueMac":{"type":"Buffer","data":"EKmF7FvROaZiGZu83LFJj+zxmllT1bodArpj3W1Q1CI="}},"MGtbwBv9yli/xmT/a1ijiiB2wPcBlffttBFgG+EP/cw=":{"valueMac":{"type":"Buffer","data":"3S0lgwa1LXnG3BdH+VjUef3tGAuxzUjoHLmcQr7GzG4="}},"MHfwN5oty1UTs22STxrHS1y2nhB/d2DQ86DetB9oyts=":{"valueMac":{"type":"Buffer","data":"iT7nBkp/ysjGo7K0MGPOXw5xedPAJJDsfjhNr6GgNn8="}},"MjcG0MaEwi5658IoXXAd4wXx7aAxAwXSaihvdJiqDXs=":{"valueMac":{"type":"Buffer","data":"ZppSKn5Bimko5jSouPYhVOUauJSyduoMC1ws35k5clk="}},"Mx5Dsa8CjUCfSRKiVLZ5UycXAKBWY/Wz2r+3uCspa4w=":{"valueMac":{"type":"Buffer","data":"F8kZQF6B5/I3QY911XSqjKNEqTY4OFUPgRADHK0PHvw="}},"M2FJug7alDPaorbgvwR2NcUDPnHdKFjHHVKDFAWn4iA=":{"valueMac":{"type":"Buffer","data":"8JDAC1vtfkZIjLXnocutibZU/eUO1oy104w7N8o7Kxc="}},"M2hPWBMIAt/YU7n2GMBxmwYnOkZCu70jn9oQ/IPfWxs=":{"valueMac":{"type":"Buffer","data":"pQIYvN760LOF6+3Zx0XTd3XM9AWD0PcGwlnlGhxZFko="}},"NAeMI4ARcNcS6/zTba3mUNE3MCkuio0COvIkKMv0u7o=":{"valueMac":{"type":"Buffer","data":"/rkTCN7zqBnnWrRc64pFqgs9xgGc3NXRVkPT81ZcguQ="}},"NOmVQEb2dibC6kTIdFBLP73aZ/x1FqWj8kZjkv9UKbA=":{"valueMac":{"type":"Buffer","data":"FA0GqINIUjmoPlbKqQ664MYBSBVKaaDDJCdbTR/D4ok="}},"NX7MoattdrwYKdkl9j+x+I4Jh8Rw8/6B1X9LgdNpBdQ=":{"valueMac":{"type":"Buffer","data":"hhjOpO8I+zhfSPSjx/ps5XLLYJ/v82xHiIeCSEzBYE0="}},"NZivqo4phFeJmhV1XL/sjXQP0L6UJKgOTS7rfZQJBjM=":{"valueMac":{"type":"Buffer","data":"HtUA2+pbv96P8s8CxUob93HpKMh1MBnEpgAh4ci3W6k="}},"NlWF+RdKf/IawAN/s5mQ4Uhm6CV2tNrMdyVfRILBjsQ=":{"valueMac":{"type":"Buffer","data":"9vngwPmYwJ/WO7wx/LCfmcBethqEoD3AtgHuIT3AZxw="}},"N4z2H740q5X6xMxihRHDIicubpdpnPSk6CSbf41hKDU=":{"valueMac":{"type":"Buffer","data":"s+mNWpMxMfQ3+OIPxC40XES8lf5tT0XyrPQUW52faLY="}},"N6vTzxHXzYMhISdo4I6NizwjWyt8bt2SkjsSy9e3eCo=":{"valueMac":{"type":"Buffer","data":"74iZeT7G0aavkrrXzRdOqibFjG6JPHkXHWjtQJS0WgA="}},"ODLvpy/0VdSE1eR8MNPxS9PbMDCILgFrE5RqWauiviU=":{"valueMac":{"type":"Buffer","data":"JI9bM0efkg3SYfwJkWdXu/JXLKgHrPbb5mxpPP7ToL8="}},"OKvyiO3jwx0WaI9htf6dqoIpczdNSRiEfBEQsRmkCJQ=":{"valueMac":{"type":"Buffer","data":"NCI2xRaXYZRTZ+uMFZn5y99VUeeNCVbybB85avoQJh0="}},"OMvqxShGyDO2ROdzXWpJ5vd/8YIx+wcJcxAsxFJF2c4=":{"valueMac":{"type":"Buffer","data":"GapRpijZA0cam4Syh28tw46z/879tgxTWsPtbujdBA0="}},"OOABryCdexxjPcJjY8zOBBlOBMvDhrJ1CS7lLjzMmMc=":{"valueMac":{"type":"Buffer","data":"dRLBOjJOg1e/4kX/pboVe022t9nmItQ7a0lRYX1IPUQ="}},"OdYxR9OyIFIbjHppbx6xy7y3l/1KKlk0sok1DLMH0NU=":{"valueMac":{"type":"Buffer","data":"GN/ZotPTlVgSwPk62WQ9imu0JDu7tAvQApHcLpWIoBk="}},"OhVaX6n+K6t9flRYYex6oPT4Zlhaamz4m84ZpRx0Y+g=":{"valueMac":{"type":"Buffer","data":"vZfa4E4s5FpAH8+NzK/T5vi9XtbPDdx3bq2BOcA+Fcs="}},"OnkjYoWfT4X8j8gkbnPyM7BCiblhhBK2zTAVO4nBBwA=":{"valueMac":{"type":"Buffer","data":"wXFRpYKu9Or1KYlgSG3DBdNzxm2/DdSty4hc1i6mv3o="}},"OwaHstE9SgxbXz/mLOc2bUgIaOl1uextK4xE2hkUTFk=":{"valueMac":{"type":"Buffer","data":"SMd7Q0G0kO+4M3Lvj87kN+LcxIt7M5eNLf2ewe9W4kU="}},"PBrZjjb95v/iN/zD4+2ITX7KJ1mLQY4zo8jlGwT4KH4=":{"valueMac":{"type":"Buffer","data":"Wh3y9cyepvpynfdaReAKphh0nEng/pfTbcqO4HF+Cws="}},"PF5tN5jgEkqUJRvW535qz6KhSN2xSfl+N3K/ar65QCQ=":{"valueMac":{"type":"Buffer","data":"f7DCQw77NFRPROcgNAYhCPvKXW458ygyu7yEQwAPJYM="}},"PRPq2vqvCiTO59jfZaeKyNEb/0yDWtbByjnUHHqK3O0=":{"valueMac":{"type":"Buffer","data":"aOTqcUDdrvJLHfgOhJtE9kBgkn/VZjjI7nJU+vpJGpI="}},"PZ0tpxbl8zEkX/x9Jg08ugnkuIITvJupASQUbCddOVg=":{"valueMac":{"type":"Buffer","data":"FTbwKb3aOOnuVIKYfYV9W3OvrVrkq7vl6FyPUkzlrFs="}},"PxPWdvVSMubn+LPEkK6KedF8WfRL2iO6bqLALXNXhU4=":{"valueMac":{"type":"Buffer","data":"/8IRbiQrqP7cA65jn633UcKyyD8eDlNqYS9GTpx8uCM="}},"PzXpaCGcHcrTKbJzMqouIw1KBoQtlgG1qr/fpJRw7JM=":{"valueMac":{"type":"Buffer","data":"Zn+EboqGMdli2MLz3weMJqLIKDLasE++oVI84tuhDpQ="}},"P3VHJCPyyEQLFXpfHI7mGxkgqLv2jNAQJm1Yw0/xmLg=":{"valueMac":{"type":"Buffer","data":"ns8hjge9d7nsVrkWd7H655ZR5dgsZU4IKQTAopzXJzg="}},"QhVLMvkbrpOeRTZAOKO2MzE2mNwYYtvDiIb4OnOj6nQ=":{"valueMac":{"type":"Buffer","data":"6W3A9zImHjSOckO5cFaXC1O4n+QlyphFdMbOxmUaIKU="}},"QlVARAXsJi1udSBF3ttMdD7cJFNq3bDUJcPSqp+GTNc=":{"valueMac":{"type":"Buffer","data":"Ea1F8NpH4zEukgZrozlxOSR0bdMw3GOErbkNVtrrPAc="}},"QpCwIwYV8Hts/TaDr9yUhkT3G9UzE7czeq76WtCp5ts=":{"valueMac":{"type":"Buffer","data":"7rggg+r+V3dY6YVUYhnO4L1loOYETAAHPdogA8I62Sk="}},"RDgLNnZBf3v5ZQu5nJzDkeFqkdFvUXXqV2SYpD6ZsKA=":{"valueMac":{"type":"Buffer","data":"K1cf5XHVE9c2ZrfB0bzFpitzgNzzrj7M7RF/cX0yBZY="}},"RHHMIdULl8A2zcUDxR5Ob2V6n4RAwJrAOepGwKfvB9g=":{"valueMac":{"type":"Buffer","data":"UWnuGVMWJkUAaGmrAYASVWFJZqeadBzROHl0m9L2LNQ="}},"RHmlzQhO9KNuqJ4DmWZKwt5nIPlO0Tx9prru0kL5tXM=":{"valueMac":{"type":"Buffer","data":"9GsqP8D5xYCfYcS0/tmEjZrJ0cVw60D8EhZlAbCL/Rc="}},"RJxcNm9t4R6blcvogEt9P+RvLnM+rVAEaDgc+ScCuso=":{"valueMac":{"type":"Buffer","data":"6MEJtWfJEkCUq6wDkBLlv2fsZPz+A0wInnE66zFDKkk="}},"RMxjQ3z+dfFj/vzgl6Ec11tJeKIXgaPNryPTHC7oKg8=":{"valueMac":{"type":"Buffer","data":"IQ4foPMot2nJ7lZoZOvj4kfYoEy4gGUhDcMgC7RpT2s="}},"RRDZMGaLij/Yx5tGefPOxANabtZUPWvOhvnuVb+NUl0=":{"valueMac":{"type":"Buffer","data":"QCL7lfdrsHYleXyAzJNuPVC4z87QHJO4fe6HBrllM4c="}},"RVN3ytzS7qEX4LE+T1cEepMZc8AQbHxa5kwV2JZhMbE=":{"valueMac":{"type":"Buffer","data":"N3a+YlQKWUbo3Nv/wJfRbPLpoDluNdpdlqGOUYwVWPE="}},"R2ta6vzgM+Z2+i/niFh8FtL9mNRgwlwuNbLy8MDR91k=":{"valueMac":{"type":"Buffer","data":"LgoO4Ye6/LWsa5Pm0uNu7Vwz7iz3R93W2dPF7+gh2SU="}},"R8N+QJO+NXuOyS/o9JSUjDaWqk10Fr8FFPhdcYtf0J0=":{"valueMac":{"type":"Buffer","data":"g4K0wj269jAKgq0rGusqgu74URFRYuDrU9nhK3nzA9o="}},"SBB311AmPxs2xM8D1WR7BwMgxM7hcq/nBFJIr5+71eY=":{"valueMac":{"type":"Buffer","data":"0nvKR+w4B4+KLVVn4iT3T6o66S2Jv36Js0lH9o0A2wU="}},"SB96dKqhS4OvyQb5oF0xBgRHJ+erRoaABlRIruEvsmQ=":{"valueMac":{"type":"Buffer","data":"2ZuNKm0yK2u0HjQeyzoUQCFLk74PqVSpeyxIubMZwNA="}},"SUpWEarFkRwkvwC1wyMntwJRY6Hun3nm5+1QBlMsSbk=":{"valueMac":{"type":"Buffer","data":"OaIKvR7tdgO+bnQPFM9KTp1/Y95+9acaLix0Goo0XWM="}},"SvbErepH+rISaLAjDSpbe+765QqksDlsc9d8sRhVFp0=":{"valueMac":{"type":"Buffer","data":"qJU8pObu2bCTPo0Yu3prinphKn8VoT8NXBft+JGTgqM="}},"SxydE2fr26RIEAXbSrf4x1HVisM9Tb6HZSYW1TXZwnQ=":{"valueMac":{"type":"Buffer","data":"mtZp410n3hhCLKvMJTRyfZfE0sN1gRG/UwH6hNTW6g0="}},"S0jGPljzgfcdOz0FcXTHWqWbXqljBBOzVsXSMSAn9Qg=":{"valueMac":{"type":"Buffer","data":"yyFWcdUJk1ejsz+kpFZREOkgOZPZDCkYNbT9slVb8kw="}},"S7sgytI+nNOWxVRR9LDvXMCIPjpK6idKnrXgFqqodcA=":{"valueMac":{"type":"Buffer","data":"FoJBMOcZYKQrVSZ1akbkRiAf3YCUDHwbqdfAmMUCGYc="}},"ThI0NBosRKivDvaQ1xrXeneKb21rdwsuE5e8ibjI0NU=":{"valueMac":{"type":"Buffer","data":"3JPipN2dTg84WW+Iy2EBKhyLomL+gpHWeNTsu+g6KaQ="}},"Tl7bcPmyznq6J5RyOH65gmlKqUXCbthN+9lJpLxhELs=":{"valueMac":{"type":"Buffer","data":"uYt22Z7dtZC7/rjpRL0kw9A/2/1RT4VV5bP7+uj31tQ="}},"T1r52QW56xOzGjaUWEFA84sPctVGUOyEcPh+Dsie4xI=":{"valueMac":{"type":"Buffer","data":"xay6Gg+7aM/VPihuNOPdxWn1YOKy9FtISrarhRtBn38="}},"UQeO7I/xAp+8elWp//f+UDKF4f1ZFhNiCisEq67zDz8=":{"valueMac":{"type":"Buffer","data":"+PJeeeRsqgTcW9PtkpakJHaljr2VG1LUiPVe0bRrebk="}},"UkNT40BlkJqDT7sxqtdtLMI/59is79qg5RsT9W/wydU=":{"valueMac":{"type":"Buffer","data":"5uS65/IWZBoGqokrG5XXg6rTtFeffrL9THSq8VoO8I4="}},"UkderM6zKzmb9JCPbIugIvEvVxTNWHPuHP1HiiiZhTA=":{"valueMac":{"type":"Buffer","data":"wkos8rDQvGSyaYeoGfq1mk+XzX1g0braG5AqOFZUL2Y="}},"Utm6HHID3hT6y8Syj4Lt0zHo8HvyuJbiguA0nVkhRZg=":{"valueMac":{"type":"Buffer","data":"THKQ1PX8x78YYbgN3mCscKIFTYyCY0pDhUgzFAgulks="}},"Uu+CpyJmPx61AaJbg+OPiYLrPzyrY9nItEtEZo8n0CI=":{"valueMac":{"type":"Buffer","data":"4rZqjeTLdeczVPea2nOYMnJ6t7YgVpvxhtCJ1zZPZDQ="}},"VM3INtmLM3zmnGa+REn9ZsB94T0oeXhmXf8K2PXdMWU=":{"valueMac":{"type":"Buffer","data":"/PEtJEOCpSHKvHlPJERsW/MgLlqb9nmVRCFl1dseNaU="}},"Vmcn/9NAoR53ueyB2JgY/Myy99f+gxUJKLtRMF7HPCg=":{"valueMac":{"type":"Buffer","data":"cTs73GrzUnDRJPSwk5BrHbe4I1C8sR5deFUBkchYprs="}},"V/JKo2JC16RxwAuf54PDNCQY91wNtq83he9X4ILutbo=":{"valueMac":{"type":"Buffer","data":"8YyGr4DfTrzwlTLmWfJdLc3BApLh3y3KE+zYE2bswFQ="}},"WAcmBO60/Vma4w++FYostdD229jJPODeo1OIK96wQVU=":{"valueMac":{"type":"Buffer","data":"ujRcxIvWI5puhOkSH9kFGgsAQW59+wZgj5iU3YVTdY8="}},"WbkbkkRsrJzTG1vUzKyScA8tQ2sqHlug228BCZKSaQc=":{"valueMac":{"type":"Buffer","data":"oMeM5NdzsSt3Bn0Ldhui4StZU7MGT2vyCD5Hk4VLnzM="}},"WnahmJX6qN/NYt6EDn2wML0fDcudYn7tNocHPxt6nPQ=":{"valueMac":{"type":"Buffer","data":"/LEvDeWRrGcT+1kjFv0O8pjF1YU6yMtfKrRa0Fyik2A="}},"XCYNdaJEOVkPGwHkIEPbnFicMlNHFn+QSpQRapWaXvw=":{"valueMac":{"type":"Buffer","data":"pJmUxM8bdosNdvbZ0oOTMu2UjtdX6ccNL8sw8JCWo0A="}},"XDsZSTa9SRf1RPPPnM/XPAMJ3Oicpoo4rXYbYBvZvQs=":{"valueMac":{"type":"Buffer","data":"s9FzV7w9QqkdXqHYxUSiw2JYU9HgYFP/3sf3ahwXnCQ="}},"XbWpraGHlYxMO5Qrsn9G1Lo0S2C1xkFWifZ3BRc7obU=":{"valueMac":{"type":"Buffer","data":"FVlDl1lM1jn/+aJtceLtjX/jGOaXFJ0+hNq0IH3acOY="}},"XgsoMRilMNO94iNJAt3PrVa9UqMQ/9suzeuSTHnIPlQ=":{"valueMac":{"type":"Buffer","data":"8PfzzwyWy9k49rrmUbhirfL1azHbw/U8Zy66lZTMiCU="}},"XmdyYPhFshBq746KuT8+aUqquuCEtROX3yMEOzRaDcs=":{"valueMac":{"type":"Buffer","data":"yFsBvFA2/9cCqPNfF8XsnUHlWpwSjvCrhhGCYqNrgi0="}},"YAZPjSU0JHENn5ioXC74dgUKn+SzgTq2DxYAxhjn1Ck=":{"valueMac":{"type":"Buffer","data":"DI8yh7dCd/iJG7DNWrE1d7p9q8Wbv+RokXbrB6HoBo4="}},"YCH+ayotpGisljMy02+IFxXTQjPx0H0e4wrLwsDJIq0=":{"valueMac":{"type":"Buffer","data":"mYRGf4pYENh7kdfKKp2vIm6kjN+/UAGGj8BxZiGLDro="}},"YLqra77kSgXxH+NK2Ho2prcPe+i0rDfKhQbYEAcL434=":{"valueMac":{"type":"Buffer","data":"0DFFt0553ksuMhzMpWEKmU8YS9bGAiNiXypYCQckJYU="}},"Y+TLi7YyXHsON6w2Y2rg9J6kHX9anWwK5x8Y9q9+v9c=":{"valueMac":{"type":"Buffer","data":"9NKwMR+qEaNdmRU6LeyINzG1dFLnEwoHP47PlYf6qr8="}},"ZQuMGZ1phBzYlGGjLTDRO/wrMXiAEoghXeC+fCjecX0=":{"valueMac":{"type":"Buffer","data":"GqTjHaJigKY9yEPfBx3IX3Q4MEPyvLRApDTdFQBZk9c="}},"ZRrSqOz0gK6ewFcAMQuyjt2s+TRK69A9byznyQ33rOo=":{"valueMac":{"type":"Buffer","data":"UvKrQfFA0f3slF4cKMlv66KLhQui3Dyp2us3XfAQwyI="}},"ZbckjN6aXwDrYdIn8++mGu0IzVYeHia/taKhMJ/7Am8=":{"valueMac":{"type":"Buffer","data":"wNPAcylRtkFcOYPakomzmVudgzVXoOKgisztEVbRfrc="}},"Zeusov8HK6XUqxAY2mDIv3WtPAQMviw62Eg4WhLq9X8=":{"valueMac":{"type":"Buffer","data":"G8oPNqbFWUWbqjuIUr8OuC8Rfi3D2RmbQBWNUyUbfuc="}},"ZiSWtFX0QIX+/Am/eEXBz363e/4FA0P5wZAX7sBBdVE=":{"valueMac":{"type":"Buffer","data":"Inp+t6L24ftSgyIvV1o3lySWITgs8DU0rSvpruG7ahw="}},"ZiuoHf3a3HdDj0YxTw9ENibm0yo9eZyDwHh64a+tapA=":{"valueMac":{"type":"Buffer","data":"JJeeBredvojrpCWZGMlg66f1uAvPwpEV1BwOk/x6OEA="}},"Zl+exQmTJKRltZlYHXu0tSjEsPitVv9BQA78qGWC0UE=":{"valueMac":{"type":"Buffer","data":"T8IpC0J8DtG7y6XzZzml/yu9OxtaihtgvzH0zTbPbbo="}},"ZzLRnuIkoLi9dXzpd52CUUJcFmNjdefynBmJtUOVpBs=":{"valueMac":{"type":"Buffer","data":"od5NcEajDS54DlfMz1k0hBHPPPRnYSQNf8PAYYIh5/c="}},"aUSfenpmNjofV0yAywxWkuxPDw8SmI12S8jBJhX4ea4=":{"valueMac":{"type":"Buffer","data":"hHuaOOsYUpmUPzH9/iFFM+aOqzyZa9xke39EOsPP5Ko="}},"aaKLhtukTIAaTgNp7bYDVfmNpzX3UX4bxhRSrmcxn/A=":{"valueMac":{"type":"Buffer","data":"ECqp6GCbGhZGbnrn9uPktIXVpqDV9cZS/nD4FejFIbM="}},"aehJI4sbRTa1CES4uSq/oMw8XN2J5hQPHIveC4T8MJQ=":{"valueMac":{"type":"Buffer","data":"v2P4UkGcNsH+vyVd9YqcAFtucZpfwS+0UifVAJJ2E2s="}},"aldeABv+/Md4atDIyDXsY/mvA8MAGriFNZH6YClVqi8=":{"valueMac":{"type":"Buffer","data":"IhkX+s213Ger/exsn9d+gjfRdtEMNMIDePFZBk/XV4c="}},"alsiPUnpNfXlOBeORWInaOycgTQYcJeSNQm6ZiAW8jk=":{"valueMac":{"type":"Buffer","data":"mVuoE1TJZ2dPJoHu2A94WSLoJ85kBQZihP3brTbA+f8="}},"a3lNQD7cHq3fa1NCgI084rdB79DhyYmJuAmKk9lS1a8=":{"valueMac":{"type":"Buffer","data":"Bqk+97l2iA9U6+42srJzfxcL8M7FRNcuRLUfTRqjxIY="}},"a7cNknsDfojHwp2h6MgQMKnUnwuYT0hbRcn33h9eEH4=":{"valueMac":{"type":"Buffer","data":"UmhHYICLqaasCGi2pifYWTdyv9XkFlhUXVb8bICMRgs="}},"bXlK7cqKPo8EZH1FwWs5r9nC3j952mUGkLyKT4mHT3M=":{"valueMac":{"type":"Buffer","data":"+ktYQoQHkfC+X7qxnwHBqlHk2xJ9cMYBa8QsB4nCFak="}},"bwaa9VLfxO4dJyoAuHh1kktZ6Wqoaj9maQbrQ3YgyQY=":{"valueMac":{"type":"Buffer","data":"cGnFEEHpsUyW8CNYywuK7WV3aVZXUP8hRFjsaZ5L9PA="}},"b7QhNDfR0lzH6rhvuq880kEIRXuX2s1bcY/AJ5jETD0=":{"valueMac":{"type":"Buffer","data":"IcoYl2ml77EaBsbi+H/hGoLnUpOwQvviBiNbPsBghwc="}},"cBXmuL+xahoMv0FGc4Qmpnco2XEnR5v/K2q27+Et0Fo=":{"valueMac":{"type":"Buffer","data":"Ql1ZGOmRo4lzNgQWtHXd4yWSA4nnC1K0Bde/xEbMv6Q="}},"c1DpXzJjQ/ZcFndALzVGa+pghP73rahvD/OOOqlPVN0=":{"valueMac":{"type":"Buffer","data":"kh9kimLMnjkXR2/nG9UmQHLQAKfiBDClo6kA0bgOsOY="}},"c8pcqOjmTCxJ/4ccuPOVFo6uCUFGD0/CQE1jnvE9iAU=":{"valueMac":{"type":"Buffer","data":"3tcSxN35cftNhXEMxp4khpDEByB/WK7I2xakSwEy2L8="}},"dBwEWoGEunu4efx2XSC/jd99J9gZJ/0rKRSbBfZNW74=":{"valueMac":{"type":"Buffer","data":"oktg09gJSd83KhTfo3Rk0hvKoZ2OJB7FrFkoQumSX1c="}},"dFhVGldOSYFykUiKJ7qCPOa/Ml0lKS1+dBHtLY2v1Kk=":{"valueMac":{"type":"Buffer","data":"ACvvjo7ssPBLnbZxPNe/xEr0HxsWqCwknvcBD5ATaFM="}},"dKllvPE7omteRVwRZsHOiVYFbnKRVD6mM/1cQj2CxNY=":{"valueMac":{"type":"Buffer","data":"KwzT+57c4uwrzuPQaPqI36QmsYltCOkxmlwCJAx8z7M="}},"daoXZJRID6Z2gOD2TL8aHal3RIaaIFmgU0uz/hMfZ1c=":{"valueMac":{"type":"Buffer","data":"NrjnnDLACLXPn966ea6E3aLf8T+sJRCuoMI2Ys/dN2A="}},"deV/aEDefh+jh3zd2Ea74jdHWPeeTKyU99LTt7IAJ90=":{"valueMac":{"type":"Buffer","data":"jnoterk3VcQkHH6ul8uFsJboStOAHvCSO2T53EfM8qU="}},"eM+gu2ViMZX2tLQ3l8Z+dXy1+uQWvPe+Ze4tWjzJzaM=":{"valueMac":{"type":"Buffer","data":"QnlbfHul1MiBd7cH6++j+8ZOO3T1N9E88ADTFhQs6/4="}},"eVazQH3aP85TvoGAVaqSqRM7NL8fJc+IJNzVzOIUkps=":{"valueMac":{"type":"Buffer","data":"mrJL6lvCJonCtOClvkM3IfVuDVfDCV6oocZq2JdB7CY="}},"eZLVCbcyOrZTZAGQUfTcGWMRIseraLE9uRezwf8zLrY=":{"valueMac":{"type":"Buffer","data":"oifRUGSDjmQ7o4Av7SXkrHCSzbDZb2QagyjL7AbDLfI="}},"efwiLOlsnsr/A5Yro6Ae5mV/dCuReK+Z+xtsRDfm53A=":{"valueMac":{"type":"Buffer","data":"t6ZOnB0lKaSuD6D7CtVQHACzQudtaTFYzXuWe/iDtZU="}},"e0J7f63qLFd0l4bQlDVtN/NS1+GVBoXpl7gvmYEejFY=":{"valueMac":{"type":"Buffer","data":"ypqFaLh8gZ8rriD99qyDSOroTfyOKJLqPpRm3s4T5FM="}},"e47OhLnFUXNesna1ju+2ssCnWEcoTsm0+HTGhc1rZMU=":{"valueMac":{"type":"Buffer","data":"6rLNq1+vRse8RqPx2AjzGtbOIPB7o4V9qGg2cTo+T3M="}},"fFrrqugfKZ3v4zcf7S2lqRGbbmsj1bTOVaoc9Zlls2c=":{"valueMac":{"type":"Buffer","data":"2asYqLMWTjuxp4qCfujWG/yO+Zu3mo2Vdi87GJc7P5E="}},"fWu+ldzu1uYyR0qsglOTHfCViBNZWh5po43Qf3oXfoE=":{"valueMac":{"type":"Buffer","data":"PM8ISBbvvqbndmkB5QxPwazxgfajF4XJDGIfEr2PQA4="}},"fYPto4QM7tdDkS29xh2UWbpBQMs2OKi4XIDVkZMMSYI=":{"valueMac":{"type":"Buffer","data":"UrYALsCzGgqU15KW+WdR9XK/HTCr77bKyl54tnx0GmQ="}},"fbAvNR4gRCQyA2hr2jQQA/IS7l+5HPVpg3tQ3cyQ7qc=":{"valueMac":{"type":"Buffer","data":"QN00v1Xs/LswYZ+0mwYkmis8JToR96xZb50Kb9Pq3B0="}},"fgF+x/oXNamOyiH2R94AHFiic86oeQWFSr2kZ4SPk7c=":{"valueMac":{"type":"Buffer","data":"YpYM35jk7Xwh5xt0y7YW3ladvwYkkbUM2Y1p729W5ps="}},"f5YhuUVJbLnTz02gKFSXlUq4wA3yyP4a6Wvq5/UeQ2Y=":{"valueMac":{"type":"Buffer","data":"d58QePKzr1dchGpbT/2xSn6RvZIQjQ4ZBSSe+MA5gg4="}},"f8ry1kvGUHo59RatvP25sX/2oFBITEbxIEy3INJiaFc=":{"valueMac":{"type":"Buffer","data":"Pef8Tofq3iG59uJE5KcyOubihlPqcOKNlOegvdqE6JI="}},"gIZahH4qpWLqkSigddrI+yd8EitzY4c4iUcWr8V+5tU=":{"valueMac":{"type":"Buffer","data":"F5V5oS3MJAk33q5qBBNvF6L4bkIccfD0ILcxx9skuNg="}},"gMKFLy6PK5vICQfGQ28jYegTdpx2oU9hdYRqxB8n9QM=":{"valueMac":{"type":"Buffer","data":"znfllohj+Dc32Lg/9fjlIKJb7gEOuhUScTXgEco7NMI="}},"gNEoI4ll4EAo+qDvGbOijCwrg6h3PvgMroIRnTqgp7k=":{"valueMac":{"type":"Buffer","data":"5IqYUQghWxJ5BtopwuYl52H4ucNyZOs4aTZiSkyFy2M="}},"gdjBojKpLbrfPTM53YDaeLCQMQsF+x/aW36xheF/4lA=":{"valueMac":{"type":"Buffer","data":"KRXlhbghaRNWjzhEsvzkxQZ8xIY9XCQ0r46shQvZMsE="}},"geaGMJGD37gAwrPXB5LMIeMYXtN3cXSQlDBCbtIe+4w=":{"valueMac":{"type":"Buffer","data":"438cUlIOXCnLt0N+4/H7BshDXiKEn2zSnwXxeol9tww="}},"ghq2Z8fBfk/yIF1/Qi0UYes8hMlhgaZwcJBTMa+tyBA=":{"valueMac":{"type":"Buffer","data":"CUq3gTqqaDq0y8jS13M1GcJMa/JMtPKWvWMnBIXaEB0="}},"gkrH+YBmafg/0eCCNwAYKWcdh3T9QiUDVIizy8ECTok=":{"valueMac":{"type":"Buffer","data":"UWUzsOU1VDypSoii5z7rGbD2A5UkPJt8jjAgJODBtVM="}},"gqCUmkl5WKrGXeG6vWP/XeekEMuaVANJfJ0aXWxab4Y=":{"valueMac":{"type":"Buffer","data":"PGqcqc62nSqnJJpSOq6+KHuDRGLF+m7wKKgS+F2f4Yg="}},"gyXMq26ZohXBDX8O4fufyfmkS0wY4/OecB7oZFY//EA=":{"valueMac":{"type":"Buffer","data":"Bp91C1vYuEFz2OV6h5my+3msFgoyBFcwgwMovcPcWTw="}},"gzF1bMOD22o0low8/0p+RlqfMdqWY/H1Sp2aiPP45Zo=":{"valueMac":{"type":"Buffer","data":"GhamqhWAbhGwQX1Z721oIzYD08B0/VWeA5axFJ0lGNs="}},"hSvAytw97MSZmq0BzimTa+Y28Q8GLaoPhIzVvZRV304=":{"valueMac":{"type":"Buffer","data":"5aPiDR8ELSF/f4GUDmWsd4OhG550cgZuBqoUEgEnv3k="}},"hVt/pbbwDQjyrUoesSpwbAphBd5L7J+dZbee0wrGGBs=":{"valueMac":{"type":"Buffer","data":"Cg3Ani7g8NdowRX+jx21qJ+fWXSrVlSg69PhQOxgr5M="}},"hm6Tu1V9t0FgZi/utm/38E+buy780OfcCOuiY5J/CeM=":{"valueMac":{"type":"Buffer","data":"+87f5GsU7eVilQEJsFj3i0ATYxJ0KJfAh4l2g2+nSSU="}},"h6jW4HLwMmGcfPmMrwRi/gmIAssxiy1zYRlFdWusdnc=":{"valueMac":{"type":"Buffer","data":"yQMTNebP+u7vBNLji4uZFcZi1dQF9WI0cJQwa3yGzms="}},"iCRsF/06BAACnkLr9uTTCzVxSJL1ymSrQW26TyV4Qbk=":{"valueMac":{"type":"Buffer","data":"DNbOWAvi3OebDz50vVduV8savV8ENsbL7/4dnfJKzt4="}},"iE942mP92uR6pJ+T9n3h204k2fVLNAl67V+bk0iUnOA=":{"valueMac":{"type":"Buffer","data":"6wccv0g0yMCaQ+wM1gr4OPm03Dvg80dcTZ8L8J7Cg+g="}},"iKvGKd9np6ZbGBOx3E5CoSYpgwK3KuVbsbDGqQThnUo=":{"valueMac":{"type":"Buffer","data":"JNZAIpKQLGthdi9YKqEb8pFMynt3NbEpzA/fn2UIKhU="}},"icqrmK+Ae+iGVQbcoHH+Utv5EGDpuT2/NTq3boAzIjQ=":{"valueMac":{"type":"Buffer","data":"sG8MljuSl14i9l/w0LyTbEJsdhN8kzqeDRwUHnbV6LQ="}},"ipNc3FhzXzxcZP1IneF7Cw6Nm1sSiAnm9FoeT5Ory/0=":{"valueMac":{"type":"Buffer","data":"aRDxfNLQe2y4mAfFnrAKUjEZO1SM7QuFuLb+QpcmEBs="}},"iqID5+NNu4Pa97UEZcH+iIac/f0d89I4VE/ImSdmMOc=":{"valueMac":{"type":"Buffer","data":"gDUg8okTga/1cJhpxI8ANK7FKAepXCXTnrl/f6v+XFw="}},"i+fbwHNFBnlBiIf6Bf1iJeacsf7VZ/Q18bSiz3/EaP0=":{"valueMac":{"type":"Buffer","data":"OxBVOGbaRBUv3o930B6yoIi0uaivlZMY7mv9bg+nJVg="}},"jIAVp20BnX9m7ykHSzAV2ajedvfb4vt7JnYqcGrTDoc=":{"valueMac":{"type":"Buffer","data":"5fcZV6xauKV2aIO9RjRjqLQQBCsbSSwWoiSq+QWSzNs="}},"jcFguyxqXCh3cwYDt9Y4wsO5JS4UHagwarXFwI6wwNI=":{"valueMac":{"type":"Buffer","data":"aM9ups4wxz3u/gaQHfpOd45MyJVR0oDTAQEB2cz73ss="}},"kCLuiUJydQtm1LzMr+kDnHhiAyq/QkPN/erm/hwLdX0=":{"valueMac":{"type":"Buffer","data":"+pDdcV5HKRb3zNE+IXCxnPBBWutuHZy1AUWcDXnyY1g="}},"kEja5h/IpoN9xeF20g2xES/GNFgt54AQE9EDVG7aOLM=":{"valueMac":{"type":"Buffer","data":"AdkFgFd89oGDSrlpntAxN2OXQvbnwLncMBEtn0OfzsQ="}},"kpPPt5jqPQJS5G9JO4lhNLumvMd96HpU6fOK2V1UnDo=":{"valueMac":{"type":"Buffer","data":"qNnEwPteC6ETXg3x4G98PXHaZfhkKlt/aahL8h3pt94="}},"lKTuyVOwHLyufVqoeopAANQ33K6FKjjI+t3GbBIkWW8=":{"valueMac":{"type":"Buffer","data":"ANfO2FG3qessRlYCrAL7PJslYbLkIDbAJ9O3ARc3LgI="}},"lQCuM3vmN8HvSDlx/YFF3H1tfREBffayZRCu4sLvz+Y=":{"valueMac":{"type":"Buffer","data":"P/ZXJDwYnMyn+xjhlzsev2kX4+/o5KNNMn7LXYbxuQ8="}},"lZgg+hmuWWoM57fkT5YcWbfo/nAgilwa4/7y47XooTI=":{"valueMac":{"type":"Buffer","data":"sb5UpLYkUB1bRMKUCJQ8eLTAZGTIQHJxyfh9sTTgUHE="}},"l0X8kD1LfsvxZBNV8DTStrz13dwsk5tQEwvuo4nfers=":{"valueMac":{"type":"Buffer","data":"VQhDMHl3tP0aBmJcO6WiP/oSyS2P/JuNGrYrOF7uRkQ="}},"mHM8xA6pwjVASeUGgtivawYiQLPYtrY6foNk9/URr94=":{"valueMac":{"type":"Buffer","data":"oJoUUI4a/cVjZMi4A2zVvYh4jz++DVNfyKsBDrwwPfY="}},"mWzJDeRsrhW8JVdNluOppzVF4zdLrrs1Ql4VO3qQ6oM=":{"valueMac":{"type":"Buffer","data":"0WNnnml7rtsbB81IOaDCnoys8zbpceT1Qyo/ehOZxT8="}},"mb7BM94oWG+5Ln3RW8VNnqLLS5LKhNZ3sqTu7R/m1mI=":{"valueMac":{"type":"Buffer","data":"97K2YrQ1qnRiiOfXLhu6tKN1gy0tXYpZy5m6UvNTPYA="}},"mkTdDDyayOZSO1154CqCxvIUuJK2iI8Z7PQOSc6xExg=":{"valueMac":{"type":"Buffer","data":"fXJyBvxnaTW+Sfv282ytxGNQnFLCPxOSR7gNDjBCzNc="}},"mq7wRGJHOszJgk/kGXLGZr+uGv9nWyDnHrgc+MK/2WA=":{"valueMac":{"type":"Buffer","data":"rmP8xOzIC85jiQ357RDZvGQvh/yEzAIlzrp54zNc/6w="}},"muF7+NhQMSXFkIuo6eWKRwdtlNTj4YBkaxBPBeXhgM0=":{"valueMac":{"type":"Buffer","data":"JM0rqhIaLaYbhiaFoC6L7HzgBRBWOj9Cv6igT8dsXRw="}},"mv3xjSsVHiwnWkR2ICcMqIkaYXSHuWKnnwrsRNmnfqU=":{"valueMac":{"type":"Buffer","data":"z3YAG61Q5fOAfGv0o2E90Gt+/6yaq2/TskG3pjEzg9g="}},"m7IM4ci0LGQtb9oTftXVyhaQ5FGRI8gTyH29ciMHWRQ=":{"valueMac":{"type":"Buffer","data":"FnvzOUem3BR8S0sPEGGP8Da5tW+Ajg4WRyX6ODzXaGc="}},"nYtUa2XPiKhDAazxMX9ht27z2vvKFa1CYtgxASMEN/E=":{"valueMac":{"type":"Buffer","data":"sCy7s9afdO115busjtLBLE94Ib1/Rl5qmF45i7aCpsE="}},"naFFCcrsuCoan/7g2CksPMIaAg4Zv1Zo2GBbwAHp4K0=":{"valueMac":{"type":"Buffer","data":"eVy8sCmrV4y7sCa9lF+D+4h49IEnEgsfAR4Eupg0dC8="}},"nna8yUFSjMac7ZuH51kV4DXV9wGgqZhlnK99XmHQzVU=":{"valueMac":{"type":"Buffer","data":"HrzRXE18tTPEUjps4lhsLpv/LUSuq5YUvZrGouwFrO0="}},"noSeXOW2CR0oOOAO6lbAaUUncAnTFVSXPuy5zTxxheI=":{"valueMac":{"type":"Buffer","data":"kahKgvWPXtJgNERmAAHMBUGi90Rx8BvPuVsR6KzJRTw="}},"oS7DyNeWdKV1wmehjOaz/qI3YnIYyuZgeWgUhJVstoo=":{"valueMac":{"type":"Buffer","data":"cQHfmOvKLb/b6PAta5wS/VEmG5789t7cXjgWXW4ia9U="}},"oTonr+Q8tpFNs3ACRMRqSYgRZ40J4rhXwL6tmn5yf9k=":{"valueMac":{"type":"Buffer","data":"EY4RloJpW2Xfi9iFM/u/jby26KT62XcoAu6vQU/CXMc="}},"oYGRbkN+RL/GcEYjTJioqIr337eGHmtqgy/S/L4r+w8=":{"valueMac":{"type":"Buffer","data":"F/khjhk2MsqmjsrpyhSoNs/Bljrem4o9+4mK0GPB/gI="}},"oZ0c86SjSycqOsiBEiIEEppBrSgFPBh4SO/2Sb3P5gQ=":{"valueMac":{"type":"Buffer","data":"2HtnLbCglo/FbJmx35hmJjE26gHisPgjPl/5x9xJVqg="}},"oeg5ldR6IMfg7GpB3y5YfAFFab1OF7/y0YPgHCdQwrw=":{"valueMac":{"type":"Buffer","data":"JI9DFuibiNPuV9fxjfc+fGvNZFo6gVLpqgZqSNuHvkg="}},"ogjsICf878LeKVcUSiNZeWNlOTUwaLpvxV6DMAevJwA=":{"valueMac":{"type":"Buffer","data":"dqVAihqxAe+tYJ3Dr8uiwJt1dBC6Q2ndSrscz+vrJMI="}},"ojFl1rjE2TEgERtn4xFvl2btv48XYfGdVYQS63Ftcyo=":{"valueMac":{"type":"Buffer","data":"iN6+H7KlaDvxiV5DqlvGc39v2bHCUxO6YDidu/QBmpo="}},"okE3UKGQRQ5D9TToFLqdJvRPQ/r9eiAD7H/nz01GBEQ=":{"valueMac":{"type":"Buffer","data":"PbWBBvuxQlBgmD7OavcccEMN6YTHZWy+NWMyBpZ8ISo="}},"o0Mhy+DfUMnaulZsi2abU2zT6DFvCwTu/WqMPuQhuLk=":{"valueMac":{"type":"Buffer","data":"gmTUjm6So3UTVKy84ZM/f1n+am9PKZAVgmvyVVc8A2I="}},"o3RRxuHjkPN9uKnbj/vuKRcFC17jlgNdnAOxhcc/8jA=":{"valueMac":{"type":"Buffer","data":"DndO7S1bVX+sjh35DpWTwGtfUpU2AhAM71oY3wZ475g="}},"pICmBavlrteXqCT9OBAb5NlFApbZiMsSrqOryTImisA=":{"valueMac":{"type":"Buffer","data":"roCovEVqj/os/xdx05p4qpAgHaeFpjxKp9M1zMmXO3Y="}},"pUMasn6+wMhUyJtqGblNkszH4bY1NRYE12kKJETNKss=":{"valueMac":{"type":"Buffer","data":"c6+uEZCytO9LNmSSCi8hD0TEqTbPKLQmMreU4NOXYTQ="}},"qm4iXNMlDvFrUUPFZwhZ6o24e338RxACIB23g2phPro=":{"valueMac":{"type":"Buffer","data":"G77dUYxXTP5InxaVVidSB78jtl1UitrHgtSEocO+x2o="}},"rdb5ZiFu0ZrFYfA8SY/4wPm290gsRkKmkTMY/e4BfIU=":{"valueMac":{"type":"Buffer","data":"WVJAX/0OghTnTgYE5aMbZD2m8MGHZPkcuglpvM0js84="}},"reOUUYRb70yBMZ+SP8R11lFwdD1LGJFVrNDXYg4Jacw=":{"valueMac":{"type":"Buffer","data":"YWMmWRKWpJWh1XFWBRlZ9F0eWm+f4FtO9cNoQGr+4sk="}},"rl4o8YyEWGzGUwKakRpLDxVGvPM0kj6EEHn9Az1riWk=":{"valueMac":{"type":"Buffer","data":"VLzvTpE+2a/liK1JBkeFFFSZSKTjxkhSvA+bJCXZFCU="}},"rmLQcIzvUmZcL1RlCxJCDrdYS46AeFEZBs5/BrunflM=":{"valueMac":{"type":"Buffer","data":"mnw3vLaOJaPGgcldULjeTAY0NuxUdhuSxo0DqSToLeE="}},"rulKyTxLSiyjTwWD30AQ8fwBM9lKA5nt3MNNop7v6nQ=":{"valueMac":{"type":"Buffer","data":"gKgm/qM/olBIF3Lh+4uwX05WG4ycSJ0kXhH/MiHvr3o="}},"r3c+FxkjcLof5R2UDYKSkJuqPcjfoftDULxUa9JXnOk=":{"valueMac":{"type":"Buffer","data":"RzpefVO3gBIX8M7u8uLTXeXGx/gFH+6V4W300t0U/dA="}},"r8gTixOD3aqIgEEktZ3oYkRl3Ln4oRew5njPm6JizKM=":{"valueMac":{"type":"Buffer","data":"9Yeb1aJhSTWrnwHAfz9uOM65CcjapffSCkpwngygMac="}},"r8rBxbtg0DQf4IUd7DWusFHs1LtkIRk7K/NZoHzrxVM=":{"valueMac":{"type":"Buffer","data":"oJ3XurDaTfrdR1v7mcFxOj7+f+rdSJh47kAnkQz1Wls="}},"r+fhFdM7eTke/gVvLNGkFk4XZ2KLOQx2uYmqc2S2uEQ=":{"valueMac":{"type":"Buffer","data":"gTsYH/ZzqrQnt7mmicMeYyY4l7UFhWgvIWCCwyGJZS8="}},"sBfCenZ19YiYbFawBJ49SNUcvnJsJwd+fVOwzeapQxg=":{"valueMac":{"type":"Buffer","data":"2wMCjL4McIiowczgqzkuwKPr65bF6DHHGDWZZyo+hmM="}},"sDIB9J8kDxqUDtgnhOyluDDLn6WvDQ2UGipjDzBWlpk=":{"valueMac":{"type":"Buffer","data":"Tl4cbYuoMUCjwl+heBfjXBHoxPwxTT766QUWi/nf6O8="}},"sgAN2/YYRNa7nUeA4hRWbqJQ/TKDiKbAgncraFwlC58=":{"valueMac":{"type":"Buffer","data":"ylu6YAYT4/OjAy8XxSCChl3mY+oao2VIyxUj2KeDqA0="}},"slthuMYS+2H1mJuZQD1fAulHFhxN30OPGF5q4sfj70s=":{"valueMac":{"type":"Buffer","data":"q3Ez3w3iae+3R6kYw8WwI8XTxtzfLAll03cqxcoXdNQ="}},"s5lEvYzBb7ghLmYM2GasusT3xtkWfqXGPE/OaO1UYrM=":{"valueMac":{"type":"Buffer","data":"cdGliXH9kMOxDARg+PL+6a3lIovZ1sKlzIrB4mSKo0Y="}},"s6rqw9ulSe5prNOT0uMV7/pJjfhd1TOzRo+l0WKyEVs=":{"valueMac":{"type":"Buffer","data":"p3yWCuUo3cJXmg/KKH3T0qBl63iHb429mvrpZjbdft4="}},"s9IPKQT0v3GPzUzoea9be3YRiCnS5lWFMHBB5l0qlSY=":{"valueMac":{"type":"Buffer","data":"P/8oIH2s7AEZcIHEc5smJwJM0FhJH7ZrVSJMRFOniYo="}},"tHFSDAugXx/2FvKcIdZ3OM9Dv0UdZgnVlv39XZIkuxQ=":{"valueMac":{"type":"Buffer","data":"IAAdG0Gb1ULHzvyWGp1gEW3x9CLIpMgIopOdY4S0Ggk="}},"tW8oWZqBufconPN2vdDE849R5U/5cZMjBFH4rwzfRbI=":{"valueMac":{"type":"Buffer","data":"iKTu9l5KCN7cfoOgSxzTNTy/PIkEFyr67QFYbHuFh1U="}},"tYPxo52D69DjJyP5JOh+NnFGgvDWKKFN/TqUSWufjSY=":{"valueMac":{"type":"Buffer","data":"BlLskVHjYHpJHNrg6ZXL7jkSt5u0CfDKYfCVmb3wm2g="}},"tZAkd7I2b5XZBdNpGbKbG4B1Aurhy6daZp3LJdKjZCI=":{"valueMac":{"type":"Buffer","data":"L/UpHJi0hfr4J3gi81cyPn0xPB9kbnG3SOLnATsbnMQ="}},"th6o9E4/o8UxWFCrEZf6/S8W01Nm5oN1cCRpmJlwmKI=":{"valueMac":{"type":"Buffer","data":"9GQpuV0kidNTSEkTtVpC4Y+V4OBwfFvWDyxOwF68RZQ="}},"uBGHOr3hjUy0GqxRZ23QYDK7XWg0M08+5UPwiKpKd9w=":{"valueMac":{"type":"Buffer","data":"FGf4ZtbySu9HprxfPC/7126Z3Y0XGNF5Alm/qREZLOs="}},"uNkz12xI1T0p30Zr1MXlLCIWYncSpSSK/+QgEXQ/cSU=":{"valueMac":{"type":"Buffer","data":"IRCgR6O3MrsPseYylgEoUiYhi+aWuKDd3qfIJVrGpSg="}},"uWovP/JGuzqyUMUnYS/51fVBF7mOf0vdBWS/d+VtAHs=":{"valueMac":{"type":"Buffer","data":"e3/9ttuIEgYthbDtzhRgzlIP2SIG5PhZNvEonweb9F8="}},"vDuF6JZHwDXG5eWCr7l7UWACl9zTZRrTNgDPORnMC4c=":{"valueMac":{"type":"Buffer","data":"iP+UOhYEWfiZYfmwkkGo9rIBMTDjqYHu6DyaTTis72s="}},"vJmSt0Qe15m+C9ya3ouQmIAqeQ7c5UThbolhofmsqvs=":{"valueMac":{"type":"Buffer","data":"UwNwHVVLgf3NFV3lFUuyp4aN5wlAH04GqlwvLt8KiZk="}},"vV9rXgVqBZO4gjtavMqeHTy7NFgILSVwhSHijLqIhz0=":{"valueMac":{"type":"Buffer","data":"ke/BqvHjMSMUPzT/0MnV6TWtCq+y5nrDs8uIyrhPHaE="}},"vXTlb0fg1NBMW9HGPj/h3TiZDMdN4M3RArdEvwzx/OU=":{"valueMac":{"type":"Buffer","data":"mR2IW6y5aaRHT6ed84q9G2gwUnZ+FVq/xRda0wR4R94="}},"vZZmWi2y9LqS+3REK2LO2cCdPs/A+Hnl+tcy8BwwO6Q=":{"valueMac":{"type":"Buffer","data":"Zouupsv7cuLYGyO4qUYk/AM1MIJHkH4b77t8lTRDpts="}},"vyVCYFb32JKG5fZm96Qx4S1hgVYPl/UiIAKIvmaMVV4=":{"valueMac":{"type":"Buffer","data":"P1u6Rm5+ovaHbI19GOKaNpxSfOcJRcJ4D3d2STfvsKg="}},"wZE5NHAUbpbDF2qFIoKFrbMimGhiwGKoNfNcssBGFcQ=":{"valueMac":{"type":"Buffer","data":"t52Ua3yY4q5oc7jwOzKw9IqcVWe9Ttf8Ov7/GI8U1qQ="}},"weHdJsk5QREC6bnIQDaIQuJ5uo2rFXk9GfGQLn+cPDo=":{"valueMac":{"type":"Buffer","data":"DAWP7MM9QFpgXmmgFgcMY8tpJUh3lw4jtQW81xhxmwU="}},"wkO8EbbUdEB/z80+zTOlwilL6wfpKIIgKBfRW/onZ5Q=":{"valueMac":{"type":"Buffer","data":"pFB++UWP0xB5WRsMgSWLM06JDooLzunuvTF3Le+JpBI="}},"wmJlQrbDuXw6JTCa6z5SlW40XcHtiQXwb5q0N7tUx2c=":{"valueMac":{"type":"Buffer","data":"i4APDMXpZGA1Bx2PdceC31vzs744tfYjlOV0xvZllPY="}},"wq2x7YuO3yimJTDbos2tPH+X6oCI9uJa8SEkoCsG2ko=":{"valueMac":{"type":"Buffer","data":"sOr1SK/WUllVTOR7Om4te2j6PTSgFk/T4o6vr701iCQ="}},"w0lONnhw8QHv2YAi9wXZmQHD/KV8kLxHoa6wpWR04Ds=":{"valueMac":{"type":"Buffer","data":"R+3di+4HbKhM9wb+vjueCnIXGmwBbqNu0jzDpRvPZIE="}},"xLX4SRj5TUsejuVt4JD1yqLgxKFiPAw1EDnpWeLKLB0=":{"valueMac":{"type":"Buffer","data":"o0rfzCjaC0WzI4ioF38lbHCSRtpWpSLcelP59ZQ2hI4="}},"xL5dJv4VkVsEMr6/r3cR5m1O48BAD5uk0P92pEIcdqU=":{"valueMac":{"type":"Buffer","data":"G5NVDT4aBiJazA2PNHAl99yc3t9MkfbpsXb4JEygg/o="}},"xf1kRo6pe7pLJ3JnN3wOarlle9MgaJV/mzJZAG+LCqU=":{"valueMac":{"type":"Buffer","data":"aaypBPXwZ16Esbh6m6F9GtSjyONVc39/cu/W7d3ZA64="}},"yfT+LKzJIHk9qIuoQiaUV56N+X5svefY1P8IwTG3pDc=":{"valueMac":{"type":"Buffer","data":"ItGz+9mRxAe8lY1uo6COIEpACCLg9GwtW8n/DCsPBlU="}},"yhU6xtYXFycuuhzs16L4SrawHCvpOtBxrtI/aeeW4Pg=":{"valueMac":{"type":"Buffer","data":"1yq1xxgILN44/dUlKREqPZU4EPehccVSHmtaE2rv0rk="}},"ynZljtJwbhmFLQR+oLGoTeeFi2GLG1/5CccqXSZWsvw=":{"valueMac":{"type":"Buffer","data":"qh9UoHvG2XxMFMOqrQBYpjV8/PelsnKW6FU84XsWDJk="}},"zXDqriwhvKQ4xsnOOss98HedwVDqZI3UoMB7CLksvbg=":{"valueMac":{"type":"Buffer","data":"a+1aXozgtFmgNQGGnybGgPjUxvwVVBTClytXAuxFKA4="}},"zeZ4UmSDQMpWVSlw9/Uo2BRtLW4Xy/ZYAY1l2It2978=":{"valueMac":{"type":"Buffer","data":"PHxs/S1wXHci3nO+Ms5zMnE7EeNbGdsgPkyTZL+D1js="}},"z1HHrX0S1iCkqOp1LTQKvmxnZ4sZLCGxdlaZwh4f340=":{"valueMac":{"type":"Buffer","data":"05zpM1Wz2rIe3U68+UsJN550P/PiUXqGEOC6vC1XqrY="}},"z6qLgvyHQGTbpLnn19bCjJXa9GyirzMu8ixcvunQT7w=":{"valueMac":{"type":"Buffer","data":"0ZgZr41mFNmnwbZn9ukydEouOKU9W8jKjXGFXqP9Rtg="}},"z8ONrrTA/yjk79ys8/QivTiEAVQjy+iJum3x+M09v+0=":{"valueMac":{"type":"Buffer","data":"i/UaM+gI8JSD/DBxFtHUhg2h6TDNgbQVs/qqmDSu4eY="}},"0ZUeP7TPf7EfbUsxsG4OK2jkD07CTfzLasdtPHkZTUE=":{"valueMac":{"type":"Buffer","data":"ZTT6INRN9TbG15W3zNF1wWxtcwLNHceMLYpXOkJ3Vw8="}},"0oExq3vp+5Nk6in1yBNdbO5Wcg+YZcBIq/8HJBiPR+U=":{"valueMac":{"type":"Buffer","data":"njONi6YJLd2qxbLvNRXXc/0duyUSrutBpjBNBaNc8Rw="}},"0vK37yiwKdbC/qglzXPvR0NVmMkkwRBUjpwio2TYYf8=":{"valueMac":{"type":"Buffer","data":"jZ/7Vi43dQcnWhiSv4IhaxVhGYefIF9e06tGw09QyLM="}},"02TQblluA+t3FFizw6aAxNg7joOZg3eLqXObsRHEI/E=":{"valueMac":{"type":"Buffer","data":"smE8tionY31uaOoznq/SZJE0vR87QOc/Y6J8bnMY1gE="}},"1ORVwSzVZH2A3s/YsQbBYUBtp+rPVF7N1QK2ovysK/g=":{"valueMac":{"type":"Buffer","data":"ZFkziZLsCSnrXenu0xrQoMPeHcOZGTurl4y5GO58cCU="}},"1P6zqyrnKMSIIRGm9zfVMy1FhP03Fro14+QT2+fU2pM=":{"valueMac":{"type":"Buffer","data":"jsi6ksF37X5eTV6EMW8FC6O0rx/HMU3BEJSSVSL2ivQ="}},"1SzoPJ1PiZkni4+hcOWwoFIvQsoS0S3XfvqPJqErx80=":{"valueMac":{"type":"Buffer","data":"b7JqkeXyTfA9zx2w1e0N/tknER6fYix6OIIHYI58nI0="}},"1V5QF5gZlVj27Y7JvyUVardf549MaISTurCfPBVLHGI=":{"valueMac":{"type":"Buffer","data":"cEhIWyvKBu9zeaI0khcKsTxwinLeK/XP7qMcIYp+ZDQ="}},"2AWJOhLdmJ4t9K+VCW5S9ieV6Iy2oIekruY8bU1t7Uo=":{"valueMac":{"type":"Buffer","data":"joxEcfpMDbmhfrj2KyirYIQbfgx9z8jCHEAF1kxuy3g="}},"2GrurG+o5bMnrQ00Q+lHrxbHxQuuVP/pgTiYNzs6FOc=":{"valueMac":{"type":"Buffer","data":"sZxPPRJKZSILVBa54YqK0sul0E52Db4WrpguztuvP9E="}},"2TpLhw94jHN+KhlS4TF15r6WY/hu02hGDNu9JdNHomA=":{"valueMac":{"type":"Buffer","data":"PJNjWUfPjRM/YF9zQH8MbNQyWihmyR/iW5ZxmL+gOY8="}},"2XyLzNr56ZI44YMKb+FifEfswYxko2Xu7huO0Rbf/7E=":{"valueMac":{"type":"Buffer","data":"wc5njfqNxwmWbqcFytrdNCjkru5Q58pimcqvh2q3b2I="}},"2cyuwSU2pUvKiuekGqswbwM88WFUYRgZkNlqbybE3LM=":{"valueMac":{"type":"Buffer","data":"X506mTKn47hzuxynPegvwtGmy2Xf7Mlpa+TSnQvzKFg="}},"2qYoUBkDfqfp+FMOFQWkWp7bf/opV43ZPFJQhFd/ne4=":{"valueMac":{"type":"Buffer","data":"ofHi4VO2pU/Fr2vD4BAhbIdiQYNCsZ8w0zLNVNbNB+I="}},"2xcRCeWxBB0rK7P0oDY1rjzoVcm4pft61rSuHDB0I4k=":{"valueMac":{"type":"Buffer","data":"nxrdK81sp3MyhiW1VvxsppNyLKuIMBGAir4AvwQrrMU="}},"2334no5dBfuBO0kTpZYHidd6ri2qpZA4y5LdjChv9wg=":{"valueMac":{"type":"Buffer","data":"/0SuMFvVcGywe543tcrEXfrKdUwLtlqhJt/S1gHuZhY="}},"295DYU+fm9myS+/SCaLhu3w1/TdCBQ2zu87AzCjpch4=":{"valueMac":{"type":"Buffer","data":"Wvqesd/jLufnS6YmtKuEErcWiPYy/mrG4zeDlsweveY="}},"3HCcLrGG0UtZ/+33uMj67YwaQPVsDgj9SDmwR8x3YXc=":{"valueMac":{"type":"Buffer","data":"s20dMl9DdtgV9UT67IMSMnvE190c8Ra5Yaln6t1EPD4="}},"3akc61PANV3c3ByJnelKW+fSix85d3vPMQs1o2RXpXI=":{"valueMac":{"type":"Buffer","data":"18zKLOtfeNe7zijVR/xVTa3x7FjvLN2pjdRPtHdAWLI="}},"3nxc37VnfauhjNxhAn5QaSDJ4/4HmoLdRdskm36YY/g=":{"valueMac":{"type":"Buffer","data":"kF8RJEOCmEMsh694Nzrvp4ziKDkwPdZw2P5FuhU2sWY="}},"3soj5aXQUqhH9FCJZaOglmUXP/BNaMbcV1EunhS5xsc=":{"valueMac":{"type":"Buffer","data":"QTeiW97rSgaJZgjboGUG07RhLzG5KMcT8el6Jpo2iuQ="}},"3ut0mwlUgZkKel2WvXXvYl9/2tLi/ogC9JohvH/zPRo=":{"valueMac":{"type":"Buffer","data":"LL3ZRi3YzghhSjNRTDH8tzmMiZQFSXzF9Ox25dsq2ss="}},"31XF0K7qW69PU31OIPMuNXUN8iHN9Ro/o9wO+2z5teQ=":{"valueMac":{"type":"Buffer","data":"GXYxVukYcnpd8kjUowvXUYa93P3SGXBq5Z/X/l9doNw="}},"34+ylQV/e7ZH04hbbPvo37HqhhKJRQ9nhrmWeKwPpfg=":{"valueMac":{"type":"Buffer","data":"2HsN81okDAV8Dg6K6DJcT78uwcK9aGopMyy0/Nt1ckU="}},"3+KIbM6ilX/pccopOCm4dyGS49G04rBwSY02LOWcFT8=":{"valueMac":{"type":"Buffer","data":"63TeLCQ1cUiBjq00inbjMlCN2hyhE/N0in18geyjSGg="}},"4Prf9Y5t6fyaLfzv+U3JLqu0AzKelCHw4OfAfXls6Ks=":{"valueMac":{"type":"Buffer","data":"uPLmHZ9Gum5QbWqiA2G16rDsNfScHc4rgy0px/yWrXA="}},"4Vkyn7qw2D6S9MDkakMNRk6jv/a02EvPDx7QfMzD3Bs=":{"valueMac":{"type":"Buffer","data":"enk7pit0gnOMf9ECU/1vJpHBahbapSKfUAkphbLQWps="}},"4sIUKHiwiW9ePm4gHA83s+8GT0esYRlGRkQHEuuR4+o=":{"valueMac":{"type":"Buffer","data":"zZ1vcQ32b9EOVS0L0mAKOor3oUL7nYdNb0LpAMxTZsE="}},"4yZk1bqoBmFtAvQpozG/rUcWCMTJGVT667WZNUN03C0=":{"valueMac":{"type":"Buffer","data":"BhAYZ239pyUN4Cjf7BzNQ/46KxMdHt8peXapEhQtwIA="}},"43j3hPAAq/wwD4Ze/KhDZSeR5Xg8vUA6ryf6F8Y2Q5M=":{"valueMac":{"type":"Buffer","data":"68gVVAlHotdBIOpJtm1ZOPpqawpvJbvDkYlUrZLo7ZY="}},"473wwDfkt+YYer44LnAcsWj1XzaYEP8i7WgSjohvI0g=":{"valueMac":{"type":"Buffer","data":"nrtT2ScHG9RjXSelmy/GOm/v4gtvrEuZVBKB6vAz3sM="}},"5Hv4gFGlKnRghmM6SuCeWDFogvrMzNe8hpX+zbRPNHc=":{"valueMac":{"type":"Buffer","data":"E2SEPnMexqsD0rXMFzWmjLs/zFuj6ezt+9I3SD9PCYc="}},"5KIBFKJCAlKcZEEYdaz+2uQ0n7GQhlg+DWAvoEQI72w=":{"valueMac":{"type":"Buffer","data":"oqePJjNQErEBmj8xnnNtuQD3U3bq1i8klA7lN5w4kmQ="}},"5frgr6xJgPAyOPKac/GRmOnSF4RO/qxyA+Ynbfys+40=":{"valueMac":{"type":"Buffer","data":"ACM8z/31zGfIdWuhpFchpM5dj1E3PXZlZ7kKQtR4SAA="}},"5zSJZ+1CxH5IaDld98cW3ih8QW0cIWHdsT9sZjqG8Fc=":{"valueMac":{"type":"Buffer","data":"NRYxBXEGZ4jzS4cWI2rWYgnwvAAcZC5YANwpP6WnhP8="}},"6IW69+F+fcTZ9Zup3fdf2MwWXGFbzGi2PRdvssqdtk8=":{"valueMac":{"type":"Buffer","data":"GB5xAGtAFU8YPbw5Y3Mb2lCFjiDd7Hjg9ft1WMUxelg="}},"6TWPhiJEYz+AZERbWYSroh/B8ZXQvHZUGuofNsamMhM=":{"valueMac":{"type":"Buffer","data":"oasZTUNsWirPViMmjCfh5G2R+5+GKJ5CKypb7W2cwuM="}},"6qZYh11M3kr7kzJWdcxOarRVD74rtQcYxSYC/qVCpsk=":{"valueMac":{"type":"Buffer","data":"EDqMKj12vdltXumD93zc2w/TjjR1lLmDvOKiNwo4+MQ="}},"6w/B3zwFNGjQUFn47BdMI4xturEsYQTlL7bGP/qa0+o=":{"valueMac":{"type":"Buffer","data":"SIuc8evzMC1504I5u6w0NHT2HtjZOjbyTv0YhA6r4lA="}},"68CuD5uRc5FwqOMQi3rkmTZSUyim6K3Pb0jhv0FpRt4=":{"valueMac":{"type":"Buffer","data":"THEBi8SnX4EM5Dy7SOw4ED/2DwdSuGXHst5NN7whlvQ="}},"7ADqjFbmK8pHNSktrF3E5kGL+tomoDVq3O04ETVG9e8=":{"valueMac":{"type":"Buffer","data":"pFTZZcuoub+Sm8cKC/7S3uGroPjcE7OrHqUKRgm3oVE="}},"7aekD/xAtGeRQ7r6RPbKCkytc7oLcQvutKgrKg5TECM=":{"valueMac":{"type":"Buffer","data":"91gnf6fNbD9zW665VDdhIn33exKKSn8oEae0oGt3aWk="}},"7rhVISQfRIh4FEmFFoJGKxTQxlbuDHVXxlquXivSkw8=":{"valueMac":{"type":"Buffer","data":"OvXlWcOCFhd1Ye4k8HXXa8CivaJMfCb+kiMVj1fURlg="}},"7wHYP0LQQyOstodY6n37fy+9+RyxETZT7pP+jxyLCTM=":{"valueMac":{"type":"Buffer","data":"LgjIt09JdptgTb0g38OOE/jOHJtVWQP5hYOOX0zpHFs="}},"7zo2sYTYiCoodySCRV3L/1Ss8mlZ6KlBIC6rEaw6E+8=":{"valueMac":{"type":"Buffer","data":"bJygptKW3kw2A3UHXonRUqTluYD7WgOPgRar8vGpUQQ="}},"73BCM+gDq1vNQyBQBovAz93abYSegrDAQ/hXZcVA/Dc=":{"valueMac":{"type":"Buffer","data":"+yEl63cu8brNZ496hX5AlLBvlP0txGrhBQfhRl3ndiQ="}},"8QRLrh0AIWSHNaG4YbBXq3YJc8VYGJ958gaunsb5v2Q=":{"valueMac":{"type":"Buffer","data":"8w3HpV/gsRi7yrs97WfkvGr0W69frwla4X9oupn6XWI="}},"8TLfBUk4GAIo4CNPPfecbJWKcPFG/Mbh1aG9b3v40qQ=":{"valueMac":{"type":"Buffer","data":"g3xiJiyrE/isBSzBqMEBw/NMkfTJgipgF4PjeVxQxRQ="}},"8VJRLpdiCzEQQgVN5do66DRbqUA/FAZMZUbyopdB1cU=":{"valueMac":{"type":"Buffer","data":"qclrpt/gYwa3v+lbjUskV+BUZJd8YyV3HFm0pZrF8FU="}},"8ZGsSaow6wROGndHOLWkZMVojRBmr0q4E/1/eWo1MoM=":{"valueMac":{"type":"Buffer","data":"A4vzw7m4wr6WPDC/OuB7r3V2NdmdSydD3fgzvWZ/u/0="}},"8ZpbSYtN0mR6gMpd9Y4M5WNXnHwox5iJ4rxCUW1EmSk=":{"valueMac":{"type":"Buffer","data":"nzYtU7/MWw+mEon02dpr4q2Xw85Ei8OAiLda2fvZf3E="}},"8oiDNFAQtN7i2VOy3XH+fxPNkRsRIub1x5fqNpxoS5k=":{"valueMac":{"type":"Buffer","data":"ODzEBHrT+GMiiI+sYn9Rrke5NCHVxKwpSlXb7IMlh8I="}},"8s1gS6Xa70JXkARqUge5z+3WdHRDNW5kj0BYWh8pQ68=":{"valueMac":{"type":"Buffer","data":"CjmZaFuViWrz1NNLAdrnmhcV4HWauvIkSDlODQtJ5rk="}},"9hk5QuSB+r+GyDcdYbJ2BXXAWdmZPiBPxttFRuqmnFc=":{"valueMac":{"type":"Buffer","data":"X1BF5fevHHB+4vzWVDEMAycJ/FrHbHZtM0ig+XFUkEs="}},"91IALddoa3gZLql45U3jwCSGFi/IZ0cd3zVdwhysN2Q=":{"valueMac":{"type":"Buffer","data":"h1RiBhBKoR8KZnQOrbNh/VQ6wTyA9O6RJOdVbXN9ZxY="}},"9/yQrsRQhbQxKIoMwh4GgaBnAnb7BgAkEpLbr72Sqnk=":{"valueMac":{"type":"Buffer","data":"OlMMj4oFU7nrpLPNxRRKVwRjUKzDlnXn1hH/cMjR5r4="}},"+OOneiTQGbyzvoA1mmPMIg/+vhhjphzFP9afLwEr9Qc=":{"valueMac":{"type":"Buffer","data":"zwy7BJa33Byxgh7KDXrBN7fdAgdIabAFDQOEU7erkFE="}},"+fPTIa7IwVgw3EmwKz3dMnYPuE8WFnQDSbu2lqKkeJ0=":{"valueMac":{"type":"Buffer","data":"UT2riRUBmtx8UnZ0vWN8Y+mSSPQW7dk6NEofSffRlz4="}},"+kYlxvLp/XD/eppYQRjp13tlYZPsbYH+LSxCigywOUY=":{"valueMac":{"type":"Buffer","data":"RCQnb34agSSqzFTdR8Cq82HaoimYkWlDZoiTNZpOpIc="}},"+q0Bq9X4AKc3YF478b6VnuZPdzZcSo2x+FxqT4idOks=":{"valueMac":{"type":"Buffer","data":"6wi0/hb6cyhFKoEO/dyi4r6bnMSA+kaigfwdDAIRjv8="}},"+xWa3dY7do+4/u5GRiqx5u6WPQPE0WddIrwNKJvzSNg=":{"valueMac":{"type":"Buffer","data":"vsVta48cSDRWf3W22ZU3UEip491YdyZMbQvIVEt9OsY="}},"+xaj7zvzwO28z30IT/RTxuucmlGP4PAiXysa50YVqSI=":{"valueMac":{"type":"Buffer","data":"gM1hUw68IgC8JEB/+4t1I3tYUTZ1CsODhb1OLZbRAEg="}},"/A7nMcV6x3DSTjOPT0hWCfiwF20dLIDVD90L/mN68NU=":{"valueMac":{"type":"Buffer","data":"E2wIIWkSJefjNRsPy6aDsZ29f/sjfu+VSAtSzhiOaro="}},"/SGCR0LXVzYTqsLd7jhbMEKFLD3PKqbMIuYuT4vRSQM=":{"valueMac":{"type":"Buffer","data":"sQvb+Pj47XgSjsedFHzEqNcj2QuvJ81deI7fMexlCVw="}},"/yBvKMRu3mOGWeqJH3CaF99k4U8Fa8chdHzeqX0BQ24=":{"valueMac":{"type":"Buffer","data":"TmaNIw1Q4JrQU7EgxPLfQlTk7l8RmOzQLifY93bzzQA="}},"/1cJawk9pScqnECmiPm93fXwnAUZf8rKPsulw/QRfSM=":{"valueMac":{"type":"Buffer","data":"cHkJYFYAGxiZv+SBW4NWV64BVqa+Oust/v3lZWJRlFw="}},"/2FndqXgdiMf1LRmVVLO6kVM+38HdL72UYTmIt/gVMI=":{"valueMac":{"type":"Buffer","data":"WqtIizcS191YBB+YprKzzi368ueOwV4jdc6559r6BX0="}},"/2eTb1iL7QNv1vpGZj5/JUK7kNPAXYsyM+btSwlPVYg=":{"valueMac":{"type":"Buffer","data":"IlltMNTxdwOLfSDSO5oJfStdZ7EiQz5T/oMXgiLvbEc="}},"/6XfUjzDdul/BNWy6KqqGITu/Sf2ELpLtfTqpjlwpRw=":{"valueMac":{"type":"Buffer","data":"EG1CoVtjHzKAiuZlLYsetU79fAnsWqLmqFrgoKEXpts="}},"wVz/O5ylMwC3jZupxbqpYIFxv9Q0CW2nTyMBvmQCoUc=":{"valueMac":{"type":"Buffer","data":"wsxm8xK3g5LZwfbWYF2XTbWMwbOxTD9AaFhB/2BvHN4="}},"PsAruaVEJUXFrzlmOUgBdrcPb3mQfCO29lesqnUv3mY=":{"valueMac":{"type":"Buffer","data":"7q+pV5kQrt6ODfqp/kRnMpuYtwXl/IXbUVmrEeGDWr8="}},"BJ4uBBhz74y1eGCk9Kh2S4F3iyUiDidu3QmlKo7AEPw=":{"valueMac":{"type":"Buffer","data":"wdSoYoAf1kUY0CZgvEopCH0/FDCn+hCPUZogFuF7q5A="}},"mlWke9qrlzEG71K75HmGwvY5LaBuc2BVvQISbrm1F64=":{"valueMac":{"type":"Buffer","data":"B6NB6iuSYbpp03jouFPJue3Nz3nq+2mR7sqnGx4xb7I="}},"BzxIJV3k1lCn5RbXk989xkNnvhkxQWoX45xR8diizGU=":{"valueMac":{"type":"Buffer","data":"jKt0ZfWP2K9WYDSNYYbpEf11B+6DhnJSeZMNx9n78RU="}},"DartjLHbYnmPP2seZVXkZXLJ2O+xFt2JLNF9xMfnVnc=":{"valueMac":{"type":"Buffer","data":"vcsySRVJsc2I4oklNDvoVFdHawSGLj3/0ubpF/dwBQU="}},"rm+VaibbdAqSUsgCMIgesdUz11eYlVgoEROvRFmKSBs=":{"valueMac":{"type":"Buffer","data":"HMTiw/db4LMbkLSnZszbVJQ6LmZmg02B4RilkvOxzh0="}},"qnDlyx5YZ4u+hCX/74lfoPe1fXDArWzgN5F78j+41KA=":{"valueMac":{"type":"Buffer","data":"+Df9U6WH1xuBkSFjIsAJ+iSBhDve+h4/YvPA7B6XlVA="}},"dgqvmhPeIyBV2i5QC1Ea4yChaaICKRJSa0oXVQR4CW0=":{"valueMac":{"type":"Buffer","data":"T0Ibz0WzolL24JVX58QRcwy76Y6A+GmrYQIpNNjN2TE="}}}}