{"version":5,"hash":{"type":"Buffer","data":"Y5juhEdUOOO9wjjVclvwx8Ofnyb/XMp6jj30XOzwH9hzGoRgTUoVnOVWwTOXa83f7xlpEeoC9+F/maiXVBPL4jfHQ6zg4SEUCIvGaJ/NJdsGvLWrfagHYDKLeWEq+x8GfEFzWRxBMgvGKif1oMZBG2mv2xvh+fhSQ9E0WjALqKU="},"indexValueMap":{"btw9PRWMZwgjUfp107eGJ0Dz+ayzElSwRe1rPn0fjRA=":{"valueMac":{"type":"Buffer","data":"5WBKMWDAGZDiBgYGRrv34c6atDk9CAnhUvqX9ctu2pg="}},"d5QMtUvmrBs4bKJOnGE5k4pJCviwl7Nm8o0P/y7miDc=":{"valueMac":{"type":"Buffer","data":"O0bgSXNGlrN25ybNRZmFP31JGYhErwgvZzGsXRiGxDc="}},"Bkg0NNXuxk4qMVyeHS2BG5LzIqacnsOpQOHO4H9wi8U=":{"valueMac":{"type":"Buffer","data":"0xY7ycBGkRwgqH3xlmR+vLv6ebqagWMTBdMnELDpn54="}},"fRfM+KoqJvYgMEaQ+GvR6rSc68fzhKUfn4eZ2/xOCNI=":{"valueMac":{"type":"Buffer","data":"OggTx6CXpcMc83uU42P16muSuzXMqb8cwGINov0q8q8="}},"jl0EYk9yq4NJ3I69IoxnMjkIcq0tEp+97CoUn+ZK1dM=":{"valueMac":{"type":"Buffer","data":"gw1CMr7910Mj35wMFKcn7CdrjG1pohfhrzLnZ0PgMT8="}}}}