{"version":24,"hash":{"type":"Buffer","data":"eGe55jHh5A8HlhrSSHccmf4PHZIXO294kpeLLYf4esSv6OxZYxwZJgHf9TIPtUeLYP8wtrdVCN2aOj1exatLUYiFLwK/r8jsAW8vY7zcFwqTdJHIm7h+n6B0q93gtg4u1774ey+ZkR+4MOj8KA9mXBSF68mx9N4SZpfOOEtlPsE="},"indexValueMap":{"7rQbcvQQkmcaUDXvcnKvhiXM9kO0iSLenv8PysD9ROU=":{"valueMac":{"type":"Buffer","data":"xpDT+tYK85eOAYIcFU/6HoqrjO3SmmKNkfMv2t7OII4="}},"PNTIOWFdfxRQHDaAgeb7Bf+giQi2aUjrsjW1tHtCbZE=":{"valueMac":{"type":"Buffer","data":"Upo25ObJJo2mKpSMdLwme4vIYciIYF26SGxIDVgqSeI="}},"j2C/uc2yJswpAu+XtdhtzuJwS1e5tEJnr1FbAX+AQx4=":{"valueMac":{"type":"Buffer","data":"y7qh5+3UPIFNJl1BHuzAV4EBaHXYLZA2y9MWSjnqHeg="}},"WY0NuvNs4S+gDfagazplf4KdKm3SBsQ9OTH5Pm1QaGk=":{"valueMac":{"type":"Buffer","data":"4T2OUJa2u8NpcDGF+2J/hZRXANrg1WrmAdVFpfZ4Ll8="}},"+Lae7VVGRIgmE0TvuoNXuWzDiP3K5QntR2pmiSPW4I4=":{"valueMac":{"type":"Buffer","data":"Hb+OBIo3ZjqzAxU1j5UQlFoRTPXcWiafr1NQG6ibcY0="}},"/h+z6RfsoOwfr02uleau1CopMVl52gWu8NCvXlyNrHY=":{"valueMac":{"type":"Buffer","data":"IRORID5xT/6TiRTOirXDXBDGBP3YVjNF/J13SM3z0Pk="}},"EkAvZyoMtQMoCdXkgDDA2FBeQra3URBLI1OFwVdpyMI=":{"valueMac":{"type":"Buffer","data":"eWxRTHMFmStpASRs0oDp20MPDlbtQFEZri4MVlcM/CY="}},"lAR/S1zNPH+3wPcKfmikPW1gvQNk//CUXF7UFzVqTbg=":{"valueMac":{"type":"Buffer","data":"xr2bfIvtQrI3zTlYcQ+1/CnxEEoqVTF8VYsogP31fyg="}},"JV/wlfkliWhls9WYWaA5NuPNSWUzq6cPbn3ERmkCWHc=":{"valueMac":{"type":"Buffer","data":"y+lPJtQbBQl6TsZ8NerrfG9gtSianN2uKFAcSV65Jwc="}},"aUEdnX0h0DaLx1Y3LmapIb45ZLgVJ84sRZ531XuuSLk=":{"valueMac":{"type":"Buffer","data":"d0ctRR7SlQ97hwCFlxAiBVbSl3mB+LEPwdx5u1SuYtA="}},"G79b7pDa9Sov0Mb68LMXw+6PFVT+VB8uM+keTxVUnac=":{"valueMac":{"type":"Buffer","data":"oTXou533Trg+CLuXMIoOgrbuQAoViF18zeRtlemYt0I="}},"HqddDT6E8+5nG95yuMRoqtxG/+AsRB1+bcCn88Gs1ng=":{"valueMac":{"type":"Buffer","data":"MW8h8SMEZvVARsRuvTYib2tSgaCZndu2+4Yamm3Pjag="}},"I045QXOR5ZIO+TpiYSBSpQ1nGNCIdkq9gUe8BsNQCMA=":{"valueMac":{"type":"Buffer","data":"uMZ0rPrTBMiFqNdrnTHSREYntL3BTfJ7JvdNss9Hrlk="}},"ZDYaa0G8wy0dk+7aJKVGBegCvPcXFE/cKMPBgRuImQM=":{"valueMac":{"type":"Buffer","data":"0nDDH5zU2BLhWFv6C7qhqJkHXsXFFfArHJ7cH5f2+s8="}},"Eatj3RPrQt3/bZq6Dj6d50a0bzcBscju3iSjMZYdgLg=":{"valueMac":{"type":"Buffer","data":"5wIWzWthScUkiulyktm7/QAsZtpmk9zPTSZogpcRzC0="}},"OTnMXPMqQ3uxWl9hIUwBHRsxlG4eHrj329NpZBeG3Ws=":{"valueMac":{"type":"Buffer","data":"PLYVX78g6WbxBU1oYovdN8XxmC3/ByYHRldXAAGk6M8="}},"/akb2oBWdeS3lY8/AG2GEyuK/oki2GvtFRWJm/tt4V0=":{"valueMac":{"type":"Buffer","data":"6H2dQrweETvDNpy5GwcV3mntnwZ7AwYcxIQxOmTYbhQ="}},"vKD51pV0qHRV5yQ3MKyaUGc1IVpW2WPTvr+4wRd9Rjk=":{"valueMac":{"type":"Buffer","data":"q7hTM7NN1yxPSKcgvdqAdTjS5Oi7iaF+ugXEKyUwHns="}},"Ba9/BncZWhECno+p5PnYXUT6vhdvQLqIVFSKzvJgvf0=":{"valueMac":{"type":"Buffer","data":"STmvbNH2ZYVXrHpeB1LC8B1umaOUgQ6RX6yAqFzM7/A="}},"zSH9d9aukp4C5z/0wm5Z1E+cFCLfS01qTn+KVzfavtk=":{"valueMac":{"type":"Buffer","data":"9nLfxEytGZWFGt4IrKRPL9BtTHG0IhXQG/stoUiNkxI="}}}}