{"noiseKey":{"private":{"type":"Buffer","data":"SNdl9bZdWQ2GS/3MYE9hjEcuXqLZi35RFht7GqthLFY="},"public":{"type":"Buffer","data":"adWWatakVD6RxBDtiqhjx1VqqfQtip0z3GlevMDw7Vo="}},"pairingEphemeralKeyPair":{"private":{"type":"Buffer","data":"CNMHW5Pfu7c4Mwp1pxh2u1w3UbKbKzP8OhzPAPlVy0c="},"public":{"type":"Buffer","data":"3u8OdUzooz7ntqemBloW67YRLqOweoFkhkUtB3bbPXw="}},"signedIdentityKey":{"private":{"type":"Buffer","data":"2FE0KiPTmXwyEN9RiD/203PFIeJS8q1m7LTqvcvb504="},"public":{"type":"Buffer","data":"gtjdmONNXREL91Il/7uOVv5BovAkk2HZzcZ4vdxsHkA="}},"signedPreKey":{"keyPair":{"private":{"type":"Buffer","data":"4LSri38iTSJBGRSZhEs9uCVS0XyXnAswT1sdO1BmZmY="},"public":{"type":"Buffer","data":"JVuKwZEk+DA7vEtGCRKucvf6WuOLI+JCq0rEH/IdjkY="}},"signature":{"type":"Buffer","data":"rghgF6Bpn6qbbwRPDJGrxYlXzN11G0eKk5uVrHp/133z936sjAV+xEjLUX4bsQlyo3S8xoxjH0A6tbzV/Gx/AQ=="},"keyId":1},"registrationId":147,"advSecretKey":"Kg4A6hLtkgIHGVxelRIowpK0Oz0lKow+ZgTwCLIp7A0=","processedHistoryMessages":[{"key":{"remoteJid":"62895433590601@s.whatsapp.net","fromMe":true,"id":"92FC9314EF36A201C85BB4674FD075DC"},"messageTimestamp":1710599635},{"key":{"remoteJid":"62895433590601@s.whatsapp.net","fromMe":true,"id":"F467CC46F88C933D208F2D3346A5A4C2"},"messageTimestamp":1710599680},{"key":{"remoteJid":"62895433590601@s.whatsapp.net","fromMe":true,"id":"B0CA201433A00D5B37287A913A5677E0"},"messageTimestamp":1710599697},{"key":{"remoteJid":"62895433590601@s.whatsapp.net","fromMe":true,"id":"CA1DF9D5E421D22C39D7788F8EE13FB4"},"messageTimestamp":1710599829}],"nextPreKeyId":31,"firstUnuploadedPreKeyId":31,"accountSyncCounter":1,"accountSettings":{"unarchiveChats":false},"deviceId":"cAA51_yIRnu1E5EvyLdOfA","phoneId":"38f2a313-0d46-4584-9460-21a00cbec5db","identityId":{"type":"Buffer","data":"385AqVrmlg66STH8eHnmX1mNKmo="},"registered":true,"backupToken":{"type":"Buffer","data":"9KB6SFjuxkQMBsUq90ojpwp/JsA="},"registration":{},"pairingCode":"A728TQJ8","me":{"id":"62895433590601:8@s.whatsapp.net","name":"FA"},"account":{"details":"CJbjsakHEM3b1q8GGAggACgA","accountSignatureKey":"TEEfVfVHYPxp4gM2Ee2J1A8xSr7pL7QQIg2Rzn0YRyM=","accountSignature":"ym49Txy10k7OwZslskSdBq77XuXbCAjikcjGMDiPG8xpi+7zK9MeMKVXgG8ZvWrNIorCmjvreQcNfV8PrNisDg==","deviceSignature":"BiMuAQZzVAZSfgjFrQqrNn2AnmsicE48W9ZRvhUP9Yzmo8ma5U5GBxgD7KAb0VWcD1iq8XkTABNEFYNwo1rxBw=="},"signalIdentities":[{"identifier":{"name":"62895433590601:8@s.whatsapp.net","deviceId":0},"identifierKey":{"type":"Buffer","data":"BUxBH1X1R2D8aeIDNhHtidQPMUq+6S+0ECINkc59GEcj"}}],"platform":"smba","lastAccountSyncTimestamp":1710599789,"myAppStateKeyId":"AAAAADkZ"}