[{"senderKeyId":486037357,"senderChainKey":{"iteration":232,"seed":"vo6BYo9yD1m/u2/eb/RSyUR8uJzUII85zCZAlOGng5A="},"senderSigningKey":{"public":"BWZPzM1N3kxnoNwXisip9YfU33oqo8BTauGsu5xqwukH"},"senderMessageKeys":[{}]},{"senderKeyId":486037357,"senderChainKey":{"iteration":141,"seed":"5m9DpEbMeNRD1QAzT/XywT3Lndi/BthvZh1x8Xx3IVo="},"senderSigningKey":{"public":"BWZPzM1N3kxnoNwXisip9YfU33oqo8BTauGsu5xqwukH"},"senderMessageKeys":[]},{"senderKeyId":1273515951,"senderChainKey":{"iteration":7,"seed":"guerCoelERXdoyEw/H3g6UtdOLWGX6RQFDrpJCRPb08="},"senderSigningKey":{"public":"BRIw4542WuPlQggVEjWN8ShO8Ha6Jonh67rcI6TK1QIr"},"senderMessageKeys":[]}]