{"_sessions":{"BTmDR3+J19Cgu7E4nneF2/kHMD+2AIpNXGTILPiqXCZQ":{"registrationId":73,"currentRatchet":{"ephemeralKeyPair":{"pubKey":"BZaQowC05LIr07v8FIMo5yv8Yap5QToKX81MTn1Vd/Qv","privKey":"uP9qtSNxfFJWJhRsKsvhyw75spSrbfHwmRT5PF6mOmw="},"lastRemoteEphemeralKey":"BQZj7jv5htFgXlj3aKzN/0MwPIedZ37vE8gn5DER3VkZ","previousCounter":0,"rootKey":"A8BUEB7qJQkYeVeOkZlio9Nmb5FBKCehqQNSPc2snys="},"indexInfo":{"baseKey":"BTmDR3+J19Cgu7E4nneF2/kHMD+2AIpNXGTILPiqXCZQ","baseKeyType":1,"closed":-1,"used":1710599636992,"created":1710599636992,"remoteIdentityKey":"BWpjTOsZrePaL+oSh2WEuUo+oLUVEuppiKflWdzL4HVu"},"_chains":{"BZaQowC05LIr07v8FIMo5yv8Yap5QToKX81MTn1Vd/Qv":{"chainKey":{"counter":128,"key":"5R4nDkSPGKEtUwQCs8QU1ZqwiJ/L4y0XUOpLd1HEPrw="},"chainType":1,"messageKeys":{}}},"pendingPreKey":{"signedKeyId":1,"baseKey":"BTmDR3+J19Cgu7E4nneF2/kHMD+2AIpNXGTILPiqXCZQ"}}},"version":"v1"}