{"_sessions":{"BU+hJWtGDCXoYzWqGFDRwHWSDc8HTGGOloCFnraSRM0W":{"registrationId":33,"currentRatchet":{"ephemeralKeyPair":{"pubKey":"BYQcKNUDBtb2YW8c0jKcg1SGol7bjvXfP0dQz1d4ZLcj","privKey":"GHJqO8lRKAUzemE/OMVNeyUblHjqt9EBYQ+B/Qp35Xk="},"lastRemoteEphemeralKey":"BTrzy/5d4sjoL7hqrIt9EQ+ML09cc0jyzyvkpA+PkuBN","previousCounter":-1,"rootKey":"5e8YOuhd57qStBoe99yNBJEQKrN5+MYwqp1dknp+1QU="},"indexInfo":{"baseKey":"BU+hJWtGDCXoYzWqGFDRwHWSDc8HTGGOloCFnraSRM0W","baseKeyType":1,"closed":1710711560855,"used":1710711560404,"created":1710711560404,"remoteIdentityKey":"BYFQpq014jGXCFkPiOniGEvj4nQkufQRb2txcqg/zPRX"},"_chains":{"BTrzy/5d4sjoL7hqrIt9EQ+ML09cc0jyzyvkpA+PkuBN":{"chainKey":{"counter":2,"key":"czxojlS7bkRIPn6Q0JgpCJKAi9D9FQUI+eziSbrNL/g="},"chainType":2,"messageKeys":{"0":"iSulm4lnPEaz15CSn19Z83r844BhEEEhadURqx6sQDw=","1":"/8fAFg1eAfexMDHx/EShEwJ5m4jel+3NqUwSiuNhEaE="}},"BYQcKNUDBtb2YW8c0jKcg1SGol7bjvXfP0dQz1d4ZLcj":{"chainKey":{"counter":-1,"key":"ohweQvXWwZxK/i+YNYDQBnwWjtJJF7Avt/LyVjsUYMY="},"chainType":1,"messageKeys":{}}},"pendingPreKey":{"signedKeyId":1,"baseKey":"BU+hJWtGDCXoYzWqGFDRwHWSDc8HTGGOloCFnraSRM0W"}},"BUHzZny8/40YDbluQS8yRwr1dBSAxV3Yfa0jBRpG81RZ":{"registrationId":33,"currentRatchet":{"ephemeralKeyPair":{"pubKey":"BYGFDNn6fHtuCnDI4jE0a3Sq2kqX7gbo9BflQd7NcENH","privKey":"4ANlulYJLWlB1EDQMzw23v6hHq2XDxhwolSf64M06l0="},"lastRemoteEphemeralKey":"BTrzy/5d4sjoL7hqrIt9EQ+ML09cc0jyzyvkpA+PkuBN","previousCounter":-1,"rootKey":"Lu5gvFKZPw8bwpC6Zy9dypeaoc6lDQ8if7hBoGxDoig="},"indexInfo":{"baseKey":"BUHzZny8/40YDbluQS8yRwr1dBSAxV3Yfa0jBRpG81RZ","baseKeyType":1,"closed":1710711561293,"used":1710711560836,"created":1710711560836,"remoteIdentityKey":"BYFQpq014jGXCFkPiOniGEvj4nQkufQRb2txcqg/zPRX"},"_chains":{"BTrzy/5d4sjoL7hqrIt9EQ+ML09cc0jyzyvkpA+PkuBN":{"chainKey":{"counter":2,"key":"1zvn4mTSgKJF9EL/mZevkJkJCg87/p1NSPpWpShIVD4="},"chainType":2,"messageKeys":{"0":"XzLK0vCGZqSyPyL/fkTS86Dkst+B8/BZ8JRRAVXxb+Q=","1":"tna77+RfssRIFL/ayiPLGBF6E85VRKdzGu54vINWzFw="}},"BYGFDNn6fHtuCnDI4jE0a3Sq2kqX7gbo9BflQd7NcENH":{"chainKey":{"counter":-1,"key":"7jkY7sImNXqNMP54YgUgwoIE3KXZn0Ui+7LXNmTv92E="},"chainType":1,"messageKeys":{}}},"pendingPreKey":{"signedKeyId":1,"baseKey":"BUHzZny8/40YDbluQS8yRwr1dBSAxV3Yfa0jBRpG81RZ"}},"BTLnXabEejAtioPq/2hVkF3iNW0SokYurlzO/bpYxhk9":{"registrationId":33,"currentRatchet":{"ephemeralKeyPair":{"pubKey":"BUbbQa9AxwK8PB1P6OMBUe+yh8HGFF6qSGV4t3hW8qt7","privKey":"kI/0k4h3y2btnc6xXeAM2rUKVno6/GU6getw9lPSUl8="},"lastRemoteEphemeralKey":"BTrzy/5d4sjoL7hqrIt9EQ+ML09cc0jyzyvkpA+PkuBN","previousCounter":-1,"rootKey":"hwypDEIsad1Mumz2aBDOVh7xrmyqYkg78T/d+Jj8/NY="},"indexInfo":{"baseKey":"BTLnXabEejAtioPq/2hVkF3iNW0SokYurlzO/bpYxhk9","baseKeyType":1,"closed":1710711561755,"used":1710711561269,"created":1710711561269,"remoteIdentityKey":"BYFQpq014jGXCFkPiOniGEvj4nQkufQRb2txcqg/zPRX"},"_chains":{"BTrzy/5d4sjoL7hqrIt9EQ+ML09cc0jyzyvkpA+PkuBN":{"chainKey":{"counter":2,"key":"9BZAnw9Elh9RP7GEqYF1zXlzp9TyzdPK3brzrAGvrLs="},"chainType":2,"messageKeys":{"0":"Jb1IQ+/hHv8mtNIQ5FChfBkbdHOKGrUT7J9b6cpo2hQ=","1":"3QFEclC7gciIq6h9DdYdX6Pjjkx4ECmxRBcVgp9hWIE="}},"BUbbQa9AxwK8PB1P6OMBUe+yh8HGFF6qSGV4t3hW8qt7":{"chainKey":{"counter":-1,"key":"54sNGPUSRr7VLS8Hw0iXIIJpWjv2pnweysD5CARaIUo="},"chainType":1,"messageKeys":{}}},"pendingPreKey":{"signedKeyId":1,"baseKey":"BTLnXabEejAtioPq/2hVkF3iNW0SokYurlzO/bpYxhk9"}},"Bf0HhS+XBcvc0PMq/fP/duwteISA6k3y2E/3r7+cGwBc":{"registrationId":33,"currentRatchet":{"ephemeralKeyPair":{"pubKey":"BboIXlpZyMj83EG99hpY3H9aS3V3Hj5qBDb9QYL1ybAl","privKey":"CIQjcFvK42S8TJxqsK9EFQ25JQWkr6bUqn7AImtpXW4="},"lastRemoteEphemeralKey":"BTrzy/5d4sjoL7hqrIt9EQ+ML09cc0jyzyvkpA+PkuBN","previousCounter":-1,"rootKey":"itmkGsDHJMVrDLd+U69y402Vi/xdVF8cQm2URlvlVjA="},"indexInfo":{"baseKey":"Bf0HhS+XBcvc0PMq/fP/duwteISA6k3y2E/3r7+cGwBc","baseKeyType":1,"closed":1710711562566,"used":1710711561731,"created":1710711561731,"remoteIdentityKey":"BYFQpq014jGXCFkPiOniGEvj4nQkufQRb2txcqg/zPRX"},"_chains":{"BTrzy/5d4sjoL7hqrIt9EQ+ML09cc0jyzyvkpA+PkuBN":{"chainKey":{"counter":2,"key":"pzxpI9rQCQzPJAo+46cuOXPzES0pGahOjXTVz7V7On8="},"chainType":2,"messageKeys":{"0":"ty7YCu4YVLCtJfVXX8Sgv+KRoWH7sDaZxAlqttTpOr4=","1":"P8yDomH0Y7+dXzzWkptsuAaYqt9RMDo/q0SYs8lwbgQ="}},"BboIXlpZyMj83EG99hpY3H9aS3V3Hj5qBDb9QYL1ybAl":{"chainKey":{"counter":-1,"key":"CD5IflkKHS2QTmuPUT+WNXQixWHwL1766MaCMDbPIdg="},"chainType":1,"messageKeys":{}}},"pendingPreKey":{"signedKeyId":1,"baseKey":"Bf0HhS+XBcvc0PMq/fP/duwteISA6k3y2E/3r7+cGwBc"}},"BV6ZLQxGnOeWJx9VJR6bcF0etZtf5jftKtJpkmfpG3po":{"registrationId":33,"currentRatchet":{"ephemeralKeyPair":{"pubKey":"BQDK2G9xWRjoPMwzasJzCmWoyBXfcWNvIvgaUjN2eI8o","privKey":"AJW9JO0SSXooqIkSVw4/ip1wphYAl8fPEJ4bThVuEF8="},"lastRemoteEphemeralKey":"BS1pb9w0X0RZBJOhJQzpwVzyt9y1cZd3gWWMglutoWNz","previousCounter":0,"rootKey":"d8RjasdocDOvZybLliWjWkRrH9a2eLUZfaOSX0XC0rQ="},"indexInfo":{"baseKey":"BV6ZLQxGnOeWJx9VJR6bcF0etZtf5jftKtJpkmfpG3po","baseKeyType":1,"closed":1710711562959,"used":1710711562554,"created":1710711562554,"remoteIdentityKey":"BYFQpq014jGXCFkPiOniGEvj4nQkufQRb2txcqg/zPRX"},"_chains":{"BQDK2G9xWRjoPMwzasJzCmWoyBXfcWNvIvgaUjN2eI8o":{"chainKey":{"counter":-1,"key":"CM5IwWcq/1/O0SG7ucuqWOgTFivlVJeoM0yEeZayTFo="},"chainType":1,"messageKeys":{}}},"pendingPreKey":{"signedKeyId":1,"baseKey":"BV6ZLQxGnOeWJx9VJR6bcF0etZtf5jftKtJpkmfpG3po"}},"BZ2/4fV3XbQbuHlnVisWbuEK4Dq7ezjTeULl9HFrYncE":{"registrationId":33,"currentRatchet":{"ephemeralKeyPair":{"pubKey":"BRAaGW5CBBQXZ7FqoQxdCzBEmUyHnlJXMb0L5hVFdPM8","privKey":"UNPY8JNZJJsXiSWPY2yzZtJcDkrJpx/WvaIuOjmnaEY="},"lastRemoteEphemeralKey":"BS1pb9w0X0RZBJOhJQzpwVzyt9y1cZd3gWWMglutoWNz","previousCounter":0,"rootKey":"DcLyvMqtsQ2jkxSD8/Pi+wbeXrDWoQp83hYUw10rYf4="},"indexInfo":{"baseKey":"BZ2/4fV3XbQbuHlnVisWbuEK4Dq7ezjTeULl9HFrYncE","baseKeyType":1,"closed":1710711563309,"used":1710711562948,"created":1710711562948,"remoteIdentityKey":"BYFQpq014jGXCFkPiOniGEvj4nQkufQRb2txcqg/zPRX"},"_chains":{"BRAaGW5CBBQXZ7FqoQxdCzBEmUyHnlJXMb0L5hVFdPM8":{"chainKey":{"counter":-1,"key":"V3h3BSH/ihhTLcJ1NRuxRQuuBlDNke2ckY/1iqJzInk="},"chainType":1,"messageKeys":{}}},"pendingPreKey":{"signedKeyId":1,"baseKey":"BZ2/4fV3XbQbuHlnVisWbuEK4Dq7ezjTeULl9HFrYncE"}},"BU/ufaBfGip0YnB6H70N5Z1zVibydZvGvNM2nAGQOm4j":{"registrationId":33,"currentRatchet":{"ephemeralKeyPair":{"pubKey":"BcqteDscUqdQtWZcwCAoE7rKpajKI+Aa0OmyYEi76vsv","privKey":"IJ7OEk2CXXNp/jBy6E9Ub9hgZrMu0vnBSmnRS4wrsmk="},"lastRemoteEphemeralKey":"BS1pb9w0X0RZBJOhJQzpwVzyt9y1cZd3gWWMglutoWNz","previousCounter":0,"rootKey":"s5RpQUFR6qbB8YrIXbS9LjAICnB/uIrewj/jMKFeQKI="},"indexInfo":{"baseKey":"BU/ufaBfGip0YnB6H70N5Z1zVibydZvGvNM2nAGQOm4j","baseKeyType":1,"closed":1710711563690,"used":1710711563299,"created":1710711563299,"remoteIdentityKey":"BYFQpq014jGXCFkPiOniGEvj4nQkufQRb2txcqg/zPRX"},"_chains":{"BcqteDscUqdQtWZcwCAoE7rKpajKI+Aa0OmyYEi76vsv":{"chainKey":{"counter":-1,"key":"9eQL7IbgMM9yygEI0p9lS2zzjWPsZ/nhSh6mDeAsicY="},"chainType":1,"messageKeys":{}}},"pendingPreKey":{"signedKeyId":1,"baseKey":"BU/ufaBfGip0YnB6H70N5Z1zVibydZvGvNM2nAGQOm4j"}},"Bcb2GBOsbvN2okgDVK7KK4zb8NJVLQ4SYBJG8k3oZ5dW":{"registrationId":33,"currentRatchet":{"ephemeralKeyPair":{"pubKey":"BRePJQjMh0F0mz9f3Kie+AdQBcMTLofKGxYbnDxOGUgm","privKey":"8Gt2fsepZmeT2xRF2Q4k8YLqZGn7t9BU++p4Y1wApUw="},"lastRemoteEphemeralKey":"BS1pb9w0X0RZBJOhJQzpwVzyt9y1cZd3gWWMglutoWNz","previousCounter":0,"rootKey":"rh+TMlOsOC/PYt230XQ9tAqk9LOQHm8eUuAwd5fJXYc="},"indexInfo":{"baseKey":"Bcb2GBOsbvN2okgDVK7KK4zb8NJVLQ4SYBJG8k3oZ5dW","baseKeyType":1,"closed":1710711564073,"used":1710711563675,"created":1710711563675,"remoteIdentityKey":"BYFQpq014jGXCFkPiOniGEvj4nQkufQRb2txcqg/zPRX"},"_chains":{"BRePJQjMh0F0mz9f3Kie+AdQBcMTLofKGxYbnDxOGUgm":{"chainKey":{"counter":-1,"key":"wcqOG4CAT09MV5qej53MGoj4dZjSMjQ9WRvBdKv2r0Q="},"chainType":1,"messageKeys":{}}},"pendingPreKey":{"signedKeyId":1,"baseKey":"Bcb2GBOsbvN2okgDVK7KK4zb8NJVLQ4SYBJG8k3oZ5dW"}},"BUc2iC95UxJlsa7B/kKzQZaQ9KzttCM4o8JS9biQU/xI":{"registrationId":33,"currentRatchet":{"ephemeralKeyPair":{"pubKey":"Bd3biN8tots2QACFf8XyWi5tkjVxszdYMzn42ZpIRIAl","privKey":"YEnXqGIK7th5nVIJlPkJo3cCQ2ujyRSPv3m+B2MpwkY="},"lastRemoteEphemeralKey":"BS1pb9w0X0RZBJOhJQzpwVzyt9y1cZd3gWWMglutoWNz","previousCounter":0,"rootKey":"PYDXnSCeJmdTrNRaScm5Akhkbe54Y2x1ZPy3DUai/e0="},"indexInfo":{"baseKey":"BUc2iC95UxJlsa7B/kKzQZaQ9KzttCM4o8JS9biQU/xI","baseKeyType":1,"closed":1710711564529,"used":1710711564055,"created":1710711564055,"remoteIdentityKey":"BYFQpq014jGXCFkPiOniGEvj4nQkufQRb2txcqg/zPRX"},"_chains":{"Bd3biN8tots2QACFf8XyWi5tkjVxszdYMzn42ZpIRIAl":{"chainKey":{"counter":-1,"key":"eBPP+ur1lsxb+13XaDTqn7Xh7XyQa/x2F33Xb7qMEcE="},"chainType":1,"messageKeys":{}}},"pendingPreKey":{"signedKeyId":1,"baseKey":"BUc2iC95UxJlsa7B/kKzQZaQ9KzttCM4o8JS9biQU/xI"}},"BeqVg1xdce6xhtOn9oeVQKaqCI0HC/8eafxYhYxJvqNd":{"registrationId":33,"currentRatchet":{"ephemeralKeyPair":{"pubKey":"BYGcPXcMeujyY3AC/BMKuX1a9HJ2tk2P9D/Rj+WHm9Fu","privKey":"+BNKqGjxON5eacH/97nRrKO1SULCivpkugs4UZSvM1U="},"lastRemoteEphemeralKey":"BS1pb9w0X0RZBJOhJQzpwVzyt9y1cZd3gWWMglutoWNz","previousCounter":0,"rootKey":"zU78t1QamLd4cixQh9zwD63jAQDW9tKhcN0lcpxoGpQ="},"indexInfo":{"baseKey":"BeqVg1xdce6xhtOn9oeVQKaqCI0HC/8eafxYhYxJvqNd","baseKeyType":1,"closed":1710711564887,"used":1710711564508,"created":1710711564508,"remoteIdentityKey":"BYFQpq014jGXCFkPiOniGEvj4nQkufQRb2txcqg/zPRX"},"_chains":{"BYGcPXcMeujyY3AC/BMKuX1a9HJ2tk2P9D/Rj+WHm9Fu":{"chainKey":{"counter":-1,"key":"7MR5HTvkoEtja9HnoZin6Ean94A9nDroUdrL+5iLLG0="},"chainType":1,"messageKeys":{}}},"pendingPreKey":{"signedKeyId":1,"baseKey":"BeqVg1xdce6xhtOn9oeVQKaqCI0HC/8eafxYhYxJvqNd"}},"BQw+bk8rFrQmq8W+q1HtxmrABnf620ZhHDX0iesK9EEy":{"registrationId":33,"currentRatchet":{"ephemeralKeyPair":{"pubKey":"BchYlZ2J6prixl5Iw9VDWwjdmhr0//x04a5s71rCmecR","privKey":"uPltARr12vHKaRnQbIhWIuMnzyLmBRqskx3NUU8ws3I="},"lastRemoteEphemeralKey":"BS1pb9w0X0RZBJOhJQzpwVzyt9y1cZd3gWWMglutoWNz","previousCounter":0,"rootKey":"GP8jzMHaYhLt8U3+taF456go+w66ofBK3heAOwZHWe0="},"indexInfo":{"baseKey":"BQw+bk8rFrQmq8W+q1HtxmrABnf620ZhHDX0iesK9EEy","baseKeyType":1,"closed":1710711565314,"used":1710711564869,"created":1710711564869,"remoteIdentityKey":"BYFQpq014jGXCFkPiOniGEvj4nQkufQRb2txcqg/zPRX"},"_chains":{"BchYlZ2J6prixl5Iw9VDWwjdmhr0//x04a5s71rCmecR":{"chainKey":{"counter":-1,"key":"0Tu6JiC0cC1nYRzYz6foRuB1k2ejQaaFtrHxhEaL0ys="},"chainType":1,"messageKeys":{}}},"pendingPreKey":{"signedKeyId":1,"baseKey":"BQw+bk8rFrQmq8W+q1HtxmrABnf620ZhHDX0iesK9EEy"}},"Belh8mKYsJe5EOelhREZm8uWBMPzvg14zfwDfK2wiJsl":{"registrationId":33,"currentRatchet":{"ephemeralKeyPair":{"pubKey":"BeMByRviThKYZ4dV6najZt+HYKSg88oRwJeDAtcb/X0v","privKey":"8EfRYw4N2wuFXKq8tkTtJ1AFSYJbP3tWzbfiYp/UAms="},"lastRemoteEphemeralKey":"BS1pb9w0X0RZBJOhJQzpwVzyt9y1cZd3gWWMglutoWNz","previousCounter":0,"rootKey":"YIBG1XMzGstCWI4kO9KJnHd6u9Ur7hiC5Zf77Jm2RCU="},"indexInfo":{"baseKey":"Belh8mKYsJe5EOelhREZm8uWBMPzvg14zfwDfK2wiJsl","baseKeyType":1,"closed":1710711565931,"used":1710711565304,"created":1710711565304,"remoteIdentityKey":"BYFQpq014jGXCFkPiOniGEvj4nQkufQRb2txcqg/zPRX"},"_chains":{"BeMByRviThKYZ4dV6najZt+HYKSg88oRwJeDAtcb/X0v":{"chainKey":{"counter":-1,"key":"IL0b0uXZqIduz8+4XEZFBkVFCymye81ILGfOmAYzDso="},"chainType":1,"messageKeys":{}}},"pendingPreKey":{"signedKeyId":1,"baseKey":"Belh8mKYsJe5EOelhREZm8uWBMPzvg14zfwDfK2wiJsl"}},"BSqsAgaYFuKlP5Ie5j0rH9/Sj5KTvIma8tn6xD/onCs6":{"registrationId":33,"currentRatchet":{"ephemeralKeyPair":{"pubKey":"BUGGzUyKk+MYlTQud8h+y4Ac56I4EP64SSG2egt6AD4y","privKey":"WMqvIhRKD/IMa6KZJPuwAAEefUgJxXyr4WRtmZXwsko="},"lastRemoteEphemeralKey":"BS1pb9w0X0RZBJOhJQzpwVzyt9y1cZd3gWWMglutoWNz","previousCounter":0,"rootKey":"RQrkpX3s4Zl22bUjwvt0rxm7N6gTqVPus2EmCaBz6dk="},"indexInfo":{"baseKey":"BSqsAgaYFuKlP5Ie5j0rH9/Sj5KTvIma8tn6xD/onCs6","baseKeyType":1,"closed":1710711566322,"used":1710711565920,"created":1710711565920,"remoteIdentityKey":"BYFQpq014jGXCFkPiOniGEvj4nQkufQRb2txcqg/zPRX"},"_chains":{"BUGGzUyKk+MYlTQud8h+y4Ac56I4EP64SSG2egt6AD4y":{"chainKey":{"counter":-1,"key":"D1fC1ID7xz4iZqIAHveo5xxtbFWQeQRNDKiNn8zpwfw="},"chainType":1,"messageKeys":{}}},"pendingPreKey":{"signedKeyId":1,"baseKey":"BSqsAgaYFuKlP5Ie5j0rH9/Sj5KTvIma8tn6xD/onCs6"}},"Bf+Jbx9W455m2ciB4JlRsgzJCLGQQH0ACCp0L9F305gq":{"registrationId":33,"currentRatchet":{"ephemeralKeyPair":{"pubKey":"BTwZuesPtUBgjgxA4eatGwXD5BjwEnNnyt0NdfBgKtdH","privKey":"yKycbK4bWt6MaaoOhbunZYLUIo2AY+Uj0Ncjw50TaHg="},"lastRemoteEphemeralKey":"BS1pb9w0X0RZBJOhJQzpwVzyt9y1cZd3gWWMglutoWNz","previousCounter":0,"rootKey":"8Mn/xqLJyvQxPrk6WRnv/UmPIw1oCIk2N9DHFE724Y8="},"indexInfo":{"baseKey":"Bf+Jbx9W455m2ciB4JlRsgzJCLGQQH0ACCp0L9F305gq","baseKeyType":1,"closed":1710711566669,"used":1710711566311,"created":1710711566311,"remoteIdentityKey":"BYFQpq014jGXCFkPiOniGEvj4nQkufQRb2txcqg/zPRX"},"_chains":{"BTwZuesPtUBgjgxA4eatGwXD5BjwEnNnyt0NdfBgKtdH":{"chainKey":{"counter":-1,"key":"3KoIZefYnoueXKyf4xsREGvIz7Bbq5mPySZTb7OLadk="},"chainType":1,"messageKeys":{}}},"pendingPreKey":{"signedKeyId":1,"baseKey":"Bf+Jbx9W455m2ciB4JlRsgzJCLGQQH0ACCp0L9F305gq"}},"BbmuP5vY3USu24H5gUmvcLehfwSgtbgRwxVLbcx+9T9Y":{"registrationId":33,"currentRatchet":{"ephemeralKeyPair":{"pubKey":"BbRgQVh9b+nhSPCQtJw6bQEpPQ9+u/7LfFS55E+iA51w","privKey":"gCPFbnowtJlq0cgJNLHsGbe3K6HUNuqsLmm1rXLauG0="},"lastRemoteEphemeralKey":"BS1pb9w0X0RZBJOhJQzpwVzyt9y1cZd3gWWMglutoWNz","previousCounter":0,"rootKey":"lU09I9iqttyDPchOkQdqUMzClvsvND4DdX58lQe9Cu8="},"indexInfo":{"baseKey":"BbmuP5vY3USu24H5gUmvcLehfwSgtbgRwxVLbcx+9T9Y","baseKeyType":1,"closed":1710711567016,"used":1710711566653,"created":1710711566653,"remoteIdentityKey":"BYFQpq014jGXCFkPiOniGEvj4nQkufQRb2txcqg/zPRX"},"_chains":{"BbRgQVh9b+nhSPCQtJw6bQEpPQ9+u/7LfFS55E+iA51w":{"chainKey":{"counter":-1,"key":"YCKSjcu9WVGiFRlnZnsucS53CFCALhr5zXFqNXtVCV4="},"chainType":1,"messageKeys":{}}},"pendingPreKey":{"signedKeyId":1,"baseKey":"BbmuP5vY3USu24H5gUmvcLehfwSgtbgRwxVLbcx+9T9Y"}},"BSbC6wfTdmndcTAlDixriwsJGaqOImF1BlNTukzh1A5i":{"registrationId":33,"currentRatchet":{"ephemeralKeyPair":{"pubKey":"BeAZvrpzWq67a2R4yps5pQPvKOSzX1WyIsgbZjHQk8kj","privKey":"IKSQ+GvNfknr4DILwLHleyp3Di3qZWMTXgK+hAKFRHc="},"lastRemoteEphemeralKey":"BS1pb9w0X0RZBJOhJQzpwVzyt9y1cZd3gWWMglutoWNz","previousCounter":0,"rootKey":"3cOZ7oE3D1SMQRe89ynCbDX+GsEIH/r1XQ8qxl65f6E="},"indexInfo":{"baseKey":"BSbC6wfTdmndcTAlDixriwsJGaqOImF1BlNTukzh1A5i","baseKeyType":1,"closed":1710711567490,"used":1710711566998,"created":1710711566998,"remoteIdentityKey":"BYFQpq014jGXCFkPiOniGEvj4nQkufQRb2txcqg/zPRX"},"_chains":{"BeAZvrpzWq67a2R4yps5pQPvKOSzX1WyIsgbZjHQk8kj":{"chainKey":{"counter":-1,"key":"HNhDCKBmSONsFBbeOzkwcu95tuNuRit7ucmzgJTjhWM="},"chainType":1,"messageKeys":{}}},"pendingPreKey":{"signedKeyId":1,"baseKey":"BSbC6wfTdmndcTAlDixriwsJGaqOImF1BlNTukzh1A5i"}},"BSEiCRNC3UsV0Yv0dJoApyOH7qXtUpx9Ltc2tzRWXN1d":{"registrationId":33,"currentRatchet":{"ephemeralKeyPair":{"pubKey":"Bf2o/HU/W3un775vlhlyPt3aEMHT+bgRsCA9wdxN6u8M","privKey":"+NMdX4wpg8efMUxDSPdbSHZ1cvJAjWxhe6BSi8lrLXs="},"lastRemoteEphemeralKey":"BS1pb9w0X0RZBJOhJQzpwVzyt9y1cZd3gWWMglutoWNz","previousCounter":0,"rootKey":"R5qnck2OlkkpR8asb/KfO8nQc11p/Lpbbkx7KLLxfEY="},"indexInfo":{"baseKey":"BSEiCRNC3UsV0Yv0dJoApyOH7qXtUpx9Ltc2tzRWXN1d","baseKeyType":1,"closed":1710711567871,"used":1710711567472,"created":1710711567472,"remoteIdentityKey":"BYFQpq014jGXCFkPiOniGEvj4nQkufQRb2txcqg/zPRX"},"_chains":{"Bf2o/HU/W3un775vlhlyPt3aEMHT+bgRsCA9wdxN6u8M":{"chainKey":{"counter":-1,"key":"yIZ9KhXd2EN6ftTPbBdKdiI98oY9c3ETyLwALBfuVcQ="},"chainType":1,"messageKeys":{}}},"pendingPreKey":{"signedKeyId":1,"baseKey":"BSEiCRNC3UsV0Yv0dJoApyOH7qXtUpx9Ltc2tzRWXN1d"}},"BUnPv772HbJJSb8lCXs2UvBRzsmQokWquYrIc+MIuPV9":{"registrationId":33,"currentRatchet":{"ephemeralKeyPair":{"pubKey":"BQa5f/aZZ6aOuCSoaRVqkZUFWjAwJk3MntwKqdsGV8ls","privKey":"eBCtHYuXlwOpyAxXubKEOrnnaeqyI04hyt19/EscPn0="},"lastRemoteEphemeralKey":"BS1pb9w0X0RZBJOhJQzpwVzyt9y1cZd3gWWMglutoWNz","previousCounter":0,"rootKey":"bIugbVKlU8cVa5hipbnvtoanc/Np9AMy+6Wwp49Temw="},"indexInfo":{"baseKey":"BUnPv772HbJJSb8lCXs2UvBRzsmQokWquYrIc+MIuPV9","baseKeyType":1,"closed":1710711568302,"used":1710711567851,"created":1710711567851,"remoteIdentityKey":"BYFQpq014jGXCFkPiOniGEvj4nQkufQRb2txcqg/zPRX"},"_chains":{"BQa5f/aZZ6aOuCSoaRVqkZUFWjAwJk3MntwKqdsGV8ls":{"chainKey":{"counter":-1,"key":"jsK9jYRAKzjd+To1C2Cxu1yYdfJXPAVchf4iuP0FeWY="},"chainType":1,"messageKeys":{}}},"pendingPreKey":{"signedKeyId":1,"baseKey":"BUnPv772HbJJSb8lCXs2UvBRzsmQokWquYrIc+MIuPV9"}},"BVZ0mUvAvumQENnMJjHK6o5UILoEWtYfX2buAABYkL8k":{"registrationId":33,"currentRatchet":{"ephemeralKeyPair":{"pubKey":"BRYLNv89BvoxZM15BSo8LGL7NENOTnuFEsYidqP5EwI8","privKey":"cE4INyFVo4juCpR+pq0dFtyNmfxZwgWaXhNojM/ptFc="},"lastRemoteEphemeralKey":"BS1pb9w0X0RZBJOhJQzpwVzyt9y1cZd3gWWMglutoWNz","previousCounter":0,"rootKey":"9Wzw9KZo0FJZq7e8Nq0VDd4hlPlZSNMyMZI1RU2ivlk="},"indexInfo":{"baseKey":"BVZ0mUvAvumQENnMJjHK6o5UILoEWtYfX2buAABYkL8k","baseKeyType":1,"closed":1710711568667,"used":1710711568287,"created":1710711568287,"remoteIdentityKey":"BYFQpq014jGXCFkPiOniGEvj4nQkufQRb2txcqg/zPRX"},"_chains":{"BRYLNv89BvoxZM15BSo8LGL7NENOTnuFEsYidqP5EwI8":{"chainKey":{"counter":-1,"key":"9H86ZCSfDhk7lc/zYvZbrN169T8h0u/H2G8crlUNYhs="},"chainType":1,"messageKeys":{}}},"pendingPreKey":{"signedKeyId":1,"baseKey":"BVZ0mUvAvumQENnMJjHK6o5UILoEWtYfX2buAABYkL8k"}},"BUpBeXM6W6WVpTlfpHhxDspYW2ghHhGI3fteajzTGvs0":{"registrationId":33,"currentRatchet":{"ephemeralKeyPair":{"pubKey":"Beske24ow71RAYmFH1xEM24YArO7GwE0ERYWIWEMAPgB","privKey":"EBn4AZyp/aTTG3JdD06YUyMsfPZvb+sc6td2QarUC0Y="},"lastRemoteEphemeralKey":"BS1pb9w0X0RZBJOhJQzpwVzyt9y1cZd3gWWMglutoWNz","previousCounter":0,"rootKey":"nhYu3QngDF+jQlk0HSINMwitMPovBWcxSz03GYEMpiM="},"indexInfo":{"baseKey":"BUpBeXM6W6WVpTlfpHhxDspYW2ghHhGI3fteajzTGvs0","baseKeyType":1,"closed":1710711569136,"used":1710711568648,"created":1710711568648,"remoteIdentityKey":"BYFQpq014jGXCFkPiOniGEvj4nQkufQRb2txcqg/zPRX"},"_chains":{"Beske24ow71RAYmFH1xEM24YArO7GwE0ERYWIWEMAPgB":{"chainKey":{"counter":-1,"key":"xlpT9/n0sXxuFQBbChn8pGtHxMPPYygA2y/3VuM/CY4="},"chainType":1,"messageKeys":{}}},"pendingPreKey":{"signedKeyId":1,"baseKey":"BUpBeXM6W6WVpTlfpHhxDspYW2ghHhGI3fteajzTGvs0"}},"BcRLDT067xViJjdPwIneB5dmruvsYkZYlcJkDgQHV6cl":{"registrationId":33,"currentRatchet":{"ephemeralKeyPair":{"pubKey":"BQFhXRIwL/8UwX+2VnRCht7TcLz9z4fjSFkMoqpALExd","privKey":"2DUgQAEcpFHL1dJWtaf2/RkSo4IB8c+qj5aU6Sr7K2A="},"lastRemoteEphemeralKey":"BS1pb9w0X0RZBJOhJQzpwVzyt9y1cZd3gWWMglutoWNz","previousCounter":0,"rootKey":"fLzLpib89RTNA0/rW9Yhf2MZy06K6b/jWJZVONKlFT4="},"indexInfo":{"baseKey":"BcRLDT067xViJjdPwIneB5dmruvsYkZYlcJkDgQHV6cl","baseKeyType":1,"closed":1710711569476,"used":1710711569116,"created":1710711569116,"remoteIdentityKey":"BYFQpq014jGXCFkPiOniGEvj4nQkufQRb2txcqg/zPRX"},"_chains":{"BQFhXRIwL/8UwX+2VnRCht7TcLz9z4fjSFkMoqpALExd":{"chainKey":{"counter":-1,"key":"ghGjh18PyUldWhKkasqVnxZDlFlrvtWEvrmpo2xzotk="},"chainType":1,"messageKeys":{}}},"pendingPreKey":{"signedKeyId":1,"baseKey":"BcRLDT067xViJjdPwIneB5dmruvsYkZYlcJkDgQHV6cl"}},"BfKLOxkKR2L17fvPaPW3+cwkCiRIde8bprOx3Qna9w9q":{"registrationId":33,"currentRatchet":{"ephemeralKeyPair":{"pubKey":"BRC+HUOVJ2AhjPj/nOGHD0gpVEJO+boFH5bPir1IS6pt","privKey":"OAnDDleZE0uENtJQ3fi/WZpMdXSDmNFSyAJxkinwpFI="},"lastRemoteEphemeralKey":"BS1pb9w0X0RZBJOhJQzpwVzyt9y1cZd3gWWMglutoWNz","previousCounter":0,"rootKey":"ecb6MFtQcTUTkp6yzofR8Zlt/h1hvbodjHuv+z5QarE="},"indexInfo":{"baseKey":"BfKLOxkKR2L17fvPaPW3+cwkCiRIde8bprOx3Qna9w9q","baseKeyType":1,"closed":1710711569791,"used":1710711569464,"created":1710711569464,"remoteIdentityKey":"BYFQpq014jGXCFkPiOniGEvj4nQkufQRb2txcqg/zPRX"},"_chains":{"BRC+HUOVJ2AhjPj/nOGHD0gpVEJO+boFH5bPir1IS6pt":{"chainKey":{"counter":-1,"key":"vs3osa8ek4UTq8xCqURfMNs2dpqPyy5jItj5FkLJwPY="},"chainType":1,"messageKeys":{}}},"pendingPreKey":{"signedKeyId":1,"baseKey":"BfKLOxkKR2L17fvPaPW3+cwkCiRIde8bprOx3Qna9w9q"}},"BWwbq0r8iP7/rNjrBLtxEziG51M9/MZy1GhJTscEj/Zm":{"registrationId":33,"currentRatchet":{"ephemeralKeyPair":{"pubKey":"BUATaXMzQSnVv881tRbAa+u24udCqHXcZWtPUtnvGcZY","privKey":"iKtziwbh9dYvs6NrEXjnTsSVeDspxYpJNX7VrBMlP0M="},"lastRemoteEphemeralKey":"BS1pb9w0X0RZBJOhJQzpwVzyt9y1cZd3gWWMglutoWNz","previousCounter":0,"rootKey":"GbhepyVNRBJnbNHoO9nPeyvBALXlltWoUF0U4RFRyyc="},"indexInfo":{"baseKey":"BWwbq0r8iP7/rNjrBLtxEziG51M9/MZy1GhJTscEj/Zm","baseKeyType":1,"closed":1710711570143,"used":1710711569780,"created":1710711569780,"remoteIdentityKey":"BYFQpq014jGXCFkPiOniGEvj4nQkufQRb2txcqg/zPRX"},"_chains":{"BUATaXMzQSnVv881tRbAa+u24udCqHXcZWtPUtnvGcZY":{"chainKey":{"counter":-1,"key":"VlZpfuZ8WVwaMJDlaLa65a8IufF2RaGRUvjMO4nzrvA="},"chainType":1,"messageKeys":{}}},"pendingPreKey":{"signedKeyId":1,"baseKey":"BWwbq0r8iP7/rNjrBLtxEziG51M9/MZy1GhJTscEj/Zm"}},"BQgU7M9fruVDA1lcROEzku55mkwpNsZNuCIx7gjkwIdL":{"registrationId":33,"currentRatchet":{"ephemeralKeyPair":{"pubKey":"BcrZnLmZd7AOo09zAUP3yJfa7ZSSFfEmRldAtvTTsT1b","privKey":"+LuBU5vhe2zACP/ZcG8KVb2RYwLAFspHrBKXMZUtUGE="},"lastRemoteEphemeralKey":"BS1pb9w0X0RZBJOhJQzpwVzyt9y1cZd3gWWMglutoWNz","previousCounter":0,"rootKey":"HEWoC01bqnHYFVLRd9pBKiIdnCTX3ohFgfrB+BpiV60="},"indexInfo":{"baseKey":"BQgU7M9fruVDA1lcROEzku55mkwpNsZNuCIx7gjkwIdL","baseKeyType":1,"closed":1710711570530,"used":1710711570127,"created":1710711570127,"remoteIdentityKey":"BYFQpq014jGXCFkPiOniGEvj4nQkufQRb2txcqg/zPRX"},"_chains":{"BcrZnLmZd7AOo09zAUP3yJfa7ZSSFfEmRldAtvTTsT1b":{"chainKey":{"counter":-1,"key":"JI3541XfjqpBQyQ9OCaI+SXsOldt9Ci+ITwv+K6Zj/U="},"chainType":1,"messageKeys":{}}},"pendingPreKey":{"signedKeyId":1,"baseKey":"BQgU7M9fruVDA1lcROEzku55mkwpNsZNuCIx7gjkwIdL"}},"Bd/ALMhRVI98DW5RqwrmZ8yqx/uXXs2SgGQVG6yfmFoD":{"registrationId":33,"currentRatchet":{"ephemeralKeyPair":{"pubKey":"Bcfs7T6xbp0lnKymWWH8fTtJ78e2kAFFw+fiuz7VcJ8i","privKey":"AEZ6WN1urxA+IKst7I25EZFOR3E8RqeCOPqqNoG2WW4="},"lastRemoteEphemeralKey":"BS1pb9w0X0RZBJOhJQzpwVzyt9y1cZd3gWWMglutoWNz","previousCounter":0,"rootKey":"zeZwIgrSkmK0rn6cfNC6RbgAN9KiUPPAIQXWu3XIHZ4="},"indexInfo":{"baseKey":"Bd/ALMhRVI98DW5RqwrmZ8yqx/uXXs2SgGQVG6yfmFoD","baseKeyType":1,"closed":1710711570978,"used":1710711570506,"created":1710711570506,"remoteIdentityKey":"BYFQpq014jGXCFkPiOniGEvj4nQkufQRb2txcqg/zPRX"},"_chains":{"Bcfs7T6xbp0lnKymWWH8fTtJ78e2kAFFw+fiuz7VcJ8i":{"chainKey":{"counter":-1,"key":"KWrxPxBuN9Mzy1etvLciI2rrorRYZCkRZzVZicAevis="},"chainType":1,"messageKeys":{}}},"pendingPreKey":{"signedKeyId":1,"baseKey":"Bd/ALMhRVI98DW5RqwrmZ8yqx/uXXs2SgGQVG6yfmFoD"}},"BUukCllryxM64V4yu+pSJCGMziARcGv6MTDIUThHXA4q":{"registrationId":33,"currentRatchet":{"ephemeralKeyPair":{"pubKey":"BWGbE9JHDsXZySV9jyKT1b/zkJIK9pzWh6zVAZVb8xAi","privKey":"QIijSPVVKuON7IbNQY7iNyBleUF5/43Gz+/Hxb5ezl8="},"lastRemoteEphemeralKey":"BS1pb9w0X0RZBJOhJQzpwVzyt9y1cZd3gWWMglutoWNz","previousCounter":0,"rootKey":"90Lo3EDs88yXlldBDh5hw1EtDn81pLSB4hnZ2QuvZ0c="},"indexInfo":{"baseKey":"BUukCllryxM64V4yu+pSJCGMziARcGv6MTDIUThHXA4q","baseKeyType":1,"closed":1710711571320,"used":1710711570960,"created":1710711570960,"remoteIdentityKey":"BYFQpq014jGXCFkPiOniGEvj4nQkufQRb2txcqg/zPRX"},"_chains":{"BWGbE9JHDsXZySV9jyKT1b/zkJIK9pzWh6zVAZVb8xAi":{"chainKey":{"counter":-1,"key":"o7BBWbYMLGxrYAPVrjyjWkm4FEzDF2ZKhMq/tp27xKk="},"chainType":1,"messageKeys":{}}},"pendingPreKey":{"signedKeyId":1,"baseKey":"BUukCllryxM64V4yu+pSJCGMziARcGv6MTDIUThHXA4q"}},"BU6F36WHBVQu3+l85Gygn90y2y1jMcSkhFh/2GKBetYY":{"registrationId":33,"currentRatchet":{"ephemeralKeyPair":{"pubKey":"BYpvNMKNkuFOa3Z8LHSdAUIAWtdR4xJX0zU7R+rmbSAt","privKey":"6Buu5Ejbkmk6MlFY2CgKvpr83ETbLWjf3O2atR3pAEI="},"lastRemoteEphemeralKey":"BS1pb9w0X0RZBJOhJQzpwVzyt9y1cZd3gWWMglutoWNz","previousCounter":0,"rootKey":"40IosAdyrohMWRvDML4BaiLEwToLt9HWDXsiV2NlAvA="},"indexInfo":{"baseKey":"BU6F36WHBVQu3+l85Gygn90y2y1jMcSkhFh/2GKBetYY","baseKeyType":1,"closed":1710711571690,"used":1710711571307,"created":1710711571307,"remoteIdentityKey":"BYFQpq014jGXCFkPiOniGEvj4nQkufQRb2txcqg/zPRX"},"_chains":{"BYpvNMKNkuFOa3Z8LHSdAUIAWtdR4xJX0zU7R+rmbSAt":{"chainKey":{"counter":-1,"key":"bTIsd0GxJv3k0Kh8zGcCHtw17R+a8NFVPbfSCcPbFN0="},"chainType":1,"messageKeys":{}}},"pendingPreKey":{"signedKeyId":1,"baseKey":"BU6F36WHBVQu3+l85Gygn90y2y1jMcSkhFh/2GKBetYY"}},"BcXjq8wOtPfEK0ZiWz26OX8qZdCZ4BErggB0dLr5nidk":{"registrationId":33,"currentRatchet":{"ephemeralKeyPair":{"pubKey":"BSrio7DwFSHqhzoa5pfTu52yrs84PZPQzwjw4Yv7T64V","privKey":"gEcNutBs+Q1GY/ZYxQywlslx5WGyzvLc0mTcIOUQa0A="},"lastRemoteEphemeralKey":"BS1pb9w0X0RZBJOhJQzpwVzyt9y1cZd3gWWMglutoWNz","previousCounter":0,"rootKey":"2V+va2VQyeRKRTUKXUfNp8k9jDaeCMHVbN+e1ebpg8M="},"indexInfo":{"baseKey":"BcXjq8wOtPfEK0ZiWz26OX8qZdCZ4BErggB0dLr5nidk","baseKeyType":1,"closed":1710711572046,"used":1710711571669,"created":1710711571669,"remoteIdentityKey":"BYFQpq014jGXCFkPiOniGEvj4nQkufQRb2txcqg/zPRX"},"_chains":{"BSrio7DwFSHqhzoa5pfTu52yrs84PZPQzwjw4Yv7T64V":{"chainKey":{"counter":-1,"key":"oOBFOGJ6akHRbLPzdFszzNl/juyBgPwO/BXADpvQl/U="},"chainType":1,"messageKeys":{}}},"pendingPreKey":{"signedKeyId":1,"baseKey":"BcXjq8wOtPfEK0ZiWz26OX8qZdCZ4BErggB0dLr5nidk"}},"BV7c7Ua6htpvmoQsPOaPfX5eXyfZ1RKMrmYfKG6fWQlI":{"registrationId":33,"currentRatchet":{"ephemeralKeyPair":{"pubKey":"BXVDTU6+l2dUqZJJB5JiZ09zOonCk+DjPEASsxh7DiES","privKey":"oAgEMp5EtwnFedLc/j7LkMMoqYw/1xS6AxjUh3V1U3w="},"lastRemoteEphemeralKey":"BS1pb9w0X0RZBJOhJQzpwVzyt9y1cZd3gWWMglutoWNz","previousCounter":0,"rootKey":"L8Tf7Bc8oFZd0cOnNtATyeXx9BWzQ+ezO6fhp/S0Bz0="},"indexInfo":{"baseKey":"BV7c7Ua6htpvmoQsPOaPfX5eXyfZ1RKMrmYfKG6fWQlI","baseKeyType":1,"closed":1710711572518,"used":1710711572026,"created":1710711572026,"remoteIdentityKey":"BYFQpq014jGXCFkPiOniGEvj4nQkufQRb2txcqg/zPRX"},"_chains":{"BXVDTU6+l2dUqZJJB5JiZ09zOonCk+DjPEASsxh7DiES":{"chainKey":{"counter":-1,"key":"ShHp5Rk8kr5Kl+mG9Yu2QmctFzyX796ECDeD5ZBSncI="},"chainType":1,"messageKeys":{}}},"pendingPreKey":{"signedKeyId":1,"baseKey":"BV7c7Ua6htpvmoQsPOaPfX5eXyfZ1RKMrmYfKG6fWQlI"}},"BVZ6ctSlUH6ZY/ylmLx8OIXT5ymLZxPksuhMzQzHiKRJ":{"registrationId":33,"currentRatchet":{"ephemeralKeyPair":{"pubKey":"Bf50UjU8G+l1WF/1y+tiyXbHTFTFdmRqFQEgvCuQ32EQ","privKey":"4Af5pDYhFc3Qe0Pag52k7LYGt9Ij9Oti1UWJmeMnE1k="},"lastRemoteEphemeralKey":"BS1pb9w0X0RZBJOhJQzpwVzyt9y1cZd3gWWMglutoWNz","previousCounter":0,"rootKey":"p/luIsOBBemBpTuWkwEkEK5txSR7kTWyBkarfiRO4O8="},"indexInfo":{"baseKey":"BVZ6ctSlUH6ZY/ylmLx8OIXT5ymLZxPksuhMzQzHiKRJ","baseKeyType":1,"closed":1710711572899,"used":1710711572496,"created":1710711572496,"remoteIdentityKey":"BYFQpq014jGXCFkPiOniGEvj4nQkufQRb2txcqg/zPRX"},"_chains":{"Bf50UjU8G+l1WF/1y+tiyXbHTFTFdmRqFQEgvCuQ32EQ":{"chainKey":{"counter":-1,"key":"bztjIRkutP+TUJ4fMrglIcGfkZ3oC7zmU1ATtM71ABE="},"chainType":1,"messageKeys":{}}},"pendingPreKey":{"signedKeyId":1,"baseKey":"BVZ6ctSlUH6ZY/ylmLx8OIXT5ymLZxPksuhMzQzHiKRJ"}},"Bbj1s4SvtEf6Gzdkf3/sPrABf9Z8AR8getCTifw0EiMK":{"registrationId":33,"currentRatchet":{"ephemeralKeyPair":{"pubKey":"BacnBnE3uvsGmnFItpEtCy1pmGnLK6sWMUjXr8WnRzEc","privKey":"uMsi9GOZiJF1jg8xGlGupAiBe75gNeX5TOJBGm3YS0Y="},"lastRemoteEphemeralKey":"BS1pb9w0X0RZBJOhJQzpwVzyt9y1cZd3gWWMglutoWNz","previousCounter":0,"rootKey":"CNFMgEg+9yYhZ88Medtowh5SzqgG+NvGyiTrjCfUnrc="},"indexInfo":{"baseKey":"Bbj1s4SvtEf6Gzdkf3/sPrABf9Z8AR8getCTifw0EiMK","baseKeyType":1,"closed":1710711573378,"used":1710711572879,"created":1710711572879,"remoteIdentityKey":"BYFQpq014jGXCFkPiOniGEvj4nQkufQRb2txcqg/zPRX"},"_chains":{"BacnBnE3uvsGmnFItpEtCy1pmGnLK6sWMUjXr8WnRzEc":{"chainKey":{"counter":-1,"key":"8xTPrKJjwMJV4FpEcS6hSYhZudCFDsqd/nIX8XCU93k="},"chainType":1,"messageKeys":{}}},"pendingPreKey":{"signedKeyId":1,"baseKey":"Bbj1s4SvtEf6Gzdkf3/sPrABf9Z8AR8getCTifw0EiMK"}},"BRYnfVOEZ7Ni/7RmUsQ+LBCjtUyj0j2k4/+tY1hQj0Jb":{"registrationId":33,"currentRatchet":{"ephemeralKeyPair":{"pubKey":"BZ7Y37bqyJF4DG76fthw1MKIQ00wLb9qBbLXcAp4TGRp","privKey":"8KPengcoRi0fSNKRPKG3q8DuRtL80gejPZoC7OnTIHI="},"lastRemoteEphemeralKey":"BS1pb9w0X0RZBJOhJQzpwVzyt9y1cZd3gWWMglutoWNz","previousCounter":0,"rootKey":"x7QxHGViMKCVwl3mfctm7115bUi2eprSotEaDyB8Ku0="},"indexInfo":{"baseKey":"BRYnfVOEZ7Ni/7RmUsQ+LBCjtUyj0j2k4/+tY1hQj0Jb","baseKeyType":1,"closed":1710711573822,"used":1710711573343,"created":1710711573343,"remoteIdentityKey":"BYFQpq014jGXCFkPiOniGEvj4nQkufQRb2txcqg/zPRX"},"_chains":{"BZ7Y37bqyJF4DG76fthw1MKIQ00wLb9qBbLXcAp4TGRp":{"chainKey":{"counter":-1,"key":"lGgpJkamaLKnTqGnkKH7jxhyPyjzvs+uInyiHTLFg9g="},"chainType":1,"messageKeys":{}}},"pendingPreKey":{"signedKeyId":1,"baseKey":"BRYnfVOEZ7Ni/7RmUsQ+LBCjtUyj0j2k4/+tY1hQj0Jb"}},"BT2aRXacNvyueoeMZt2YgtH9BvIc+jhvxlgYTLY7ZEYc":{"registrationId":33,"currentRatchet":{"ephemeralKeyPair":{"pubKey":"BVP0eesq+WCqdYvNb2ObZBC6Yhqe61wz4JBkVkoSLkxa","privKey":"aI/kaUSEmSV/ofg4eSl8/oGoub55ET1kouXVjYs5vWE="},"lastRemoteEphemeralKey":"BS1pb9w0X0RZBJOhJQzpwVzyt9y1cZd3gWWMglutoWNz","previousCounter":0,"rootKey":"ceZXjv39ylbQlb0TEE/XmauO0eFyMdAPqXzC2D4IWmk="},"indexInfo":{"baseKey":"BT2aRXacNvyueoeMZt2YgtH9BvIc+jhvxlgYTLY7ZEYc","baseKeyType":1,"closed":1710711574210,"used":1710711573808,"created":1710711573808,"remoteIdentityKey":"BYFQpq014jGXCFkPiOniGEvj4nQkufQRb2txcqg/zPRX"},"_chains":{"BVP0eesq+WCqdYvNb2ObZBC6Yhqe61wz4JBkVkoSLkxa":{"chainKey":{"counter":-1,"key":"rSjqFGCFp5TIR4qnYmfHxnSfA/qheSKw1dkmzlj3Lk8="},"chainType":1,"messageKeys":{}}},"pendingPreKey":{"signedKeyId":1,"baseKey":"BT2aRXacNvyueoeMZt2YgtH9BvIc+jhvxlgYTLY7ZEYc"}},"BVDu4wVgrleWD2yDlgRo4lFsZAQGpd9kDOFqLHAKKflx":{"registrationId":33,"currentRatchet":{"ephemeralKeyPair":{"pubKey":"BQnJ4iL35U2QK+gxcwKG886pT69zZnPP1KmVaH5PcNIK","privKey":"UGS4NGlxL/S83hh3XCu3w9vY6JsCSHCXj002FbJnHnY="},"lastRemoteEphemeralKey":"BS1pb9w0X0RZBJOhJQzpwVzyt9y1cZd3gWWMglutoWNz","previousCounter":0,"rootKey":"LgT6a0376wfdY8emTKMFqm4svHyJG2gW1gDv+emv76M="},"indexInfo":{"baseKey":"BVDu4wVgrleWD2yDlgRo4lFsZAQGpd9kDOFqLHAKKflx","baseKeyType":1,"closed":1710711574763,"used":1710711574188,"created":1710711574188,"remoteIdentityKey":"BYFQpq014jGXCFkPiOniGEvj4nQkufQRb2txcqg/zPRX"},"_chains":{"BQnJ4iL35U2QK+gxcwKG886pT69zZnPP1KmVaH5PcNIK":{"chainKey":{"counter":-1,"key":"jiszCxDzOi11SIFzDfS1ZzcPODvFGTxME5Rty0CxL1g="},"chainType":1,"messageKeys":{}}},"pendingPreKey":{"signedKeyId":1,"baseKey":"BVDu4wVgrleWD2yDlgRo4lFsZAQGpd9kDOFqLHAKKflx"}},"BYJCe5KMCgS4YxcGiipwvYw+M6oqOpORAfAntXZrJwAo":{"registrationId":33,"currentRatchet":{"ephemeralKeyPair":{"pubKey":"BT6+yp8RKUP3eZKtaW7o7M5VHGzr0awOA6OtnjuaC+tG","privKey":"cO6dRQUC+Yd1mlng5GdvyWyWI7E3kCFy856ePYMhkVM="},"lastRemoteEphemeralKey":"BS1pb9w0X0RZBJOhJQzpwVzyt9y1cZd3gWWMglutoWNz","previousCounter":0,"rootKey":"jjDo03bPOOf8BM2vdEwMtWIFmtvgTH8WfiP0Skw9o8Y="},"indexInfo":{"baseKey":"BYJCe5KMCgS4YxcGiipwvYw+M6oqOpORAfAntXZrJwAo","baseKeyType":1,"closed":1710711575108,"used":1710711574740,"created":1710711574740,"remoteIdentityKey":"BYFQpq014jGXCFkPiOniGEvj4nQkufQRb2txcqg/zPRX"},"_chains":{"BT6+yp8RKUP3eZKtaW7o7M5VHGzr0awOA6OtnjuaC+tG":{"chainKey":{"counter":-1,"key":"+TQ3IxetcQGGHH+wYGfsHDtvo/rU+m4lCjadQI/SSFM="},"chainType":1,"messageKeys":{}}},"pendingPreKey":{"signedKeyId":1,"baseKey":"BYJCe5KMCgS4YxcGiipwvYw+M6oqOpORAfAntXZrJwAo"}},"BQNryKhQBIeLRmHwrYUAifbVpjaOoK8R+qpr/d8l2WdF":{"registrationId":33,"currentRatchet":{"ephemeralKeyPair":{"pubKey":"BQqqx9reBq9+Wsfr2tetJdRAvR6hAJ6/OUjRJAcYmft0","privKey":"2PA9VlACk7jYzd88uRfYVnAB82uAp67orKXwl90U0X0="},"lastRemoteEphemeralKey":"BS1pb9w0X0RZBJOhJQzpwVzyt9y1cZd3gWWMglutoWNz","previousCounter":0,"rootKey":"T4SR7wWSywzyVDcL8/uY9kPsfIS2f3dCD+npOWDegu4="},"indexInfo":{"baseKey":"BQNryKhQBIeLRmHwrYUAifbVpjaOoK8R+qpr/d8l2WdF","baseKeyType":1,"closed":1710711575564,"used":1710711575095,"created":1710711575095,"remoteIdentityKey":"BYFQpq014jGXCFkPiOniGEvj4nQkufQRb2txcqg/zPRX"},"_chains":{"BQqqx9reBq9+Wsfr2tetJdRAvR6hAJ6/OUjRJAcYmft0":{"chainKey":{"counter":-1,"key":"78yd2Ko+fiYuTzFXhCf2JV6OVyalI0oFWZiQRM2u6o4="},"chainType":1,"messageKeys":{}}},"pendingPreKey":{"signedKeyId":1,"baseKey":"BQNryKhQBIeLRmHwrYUAifbVpjaOoK8R+qpr/d8l2WdF"}},"BZ1mBc0+6QXATKi4hAuQfysqpdAQYG1zvfV4mM1554FL":{"registrationId":33,"currentRatchet":{"ephemeralKeyPair":{"pubKey":"BbxqQHjmYiZZPo4QJ231n5BER9eSdxJCLhbvHCIryiME","privKey":"GN3MyOuPeUB0QLAVNvVvXrzhV7hjRHkbgE5Jku6b12w="},"lastRemoteEphemeralKey":"BS1pb9w0X0RZBJOhJQzpwVzyt9y1cZd3gWWMglutoWNz","previousCounter":0,"rootKey":"tr3rkK8KoiSiIxgEtNBi2GLal+MOyerEQZUWSpXUrqM="},"indexInfo":{"baseKey":"BZ1mBc0+6QXATKi4hAuQfysqpdAQYG1zvfV4mM1554FL","baseKeyType":1,"closed":1710711575984,"used":1710711575545,"created":1710711575545,"remoteIdentityKey":"BYFQpq014jGXCFkPiOniGEvj4nQkufQRb2txcqg/zPRX"},"_chains":{"BbxqQHjmYiZZPo4QJ231n5BER9eSdxJCLhbvHCIryiME":{"chainKey":{"counter":-1,"key":"3eRn8w6Tgis4YmO9TAQqcTFeD7gTYq6LgRfBLVeGE5o="},"chainType":1,"messageKeys":{}}},"pendingPreKey":{"signedKeyId":1,"baseKey":"BZ1mBc0+6QXATKi4hAuQfysqpdAQYG1zvfV4mM1554FL"}},"BamA/WBrDm1emXKOAVeN7GHEXRw0lEbG1nh8DL7oQ+9N":{"registrationId":33,"currentRatchet":{"ephemeralKeyPair":{"pubKey":"BXIk+8ivpgok2r7aq30wVimNNZnYf4M84VP4Ms7O06Ug","privKey":"CNAcc2r+1fPGklPiQwJMCzXPPonGrJCND3I8eH6bsXc="},"lastRemoteEphemeralKey":"BS1pb9w0X0RZBJOhJQzpwVzyt9y1cZd3gWWMglutoWNz","previousCounter":0,"rootKey":"vno3R/2GvO0xJrR48+9a1SB71ZT7PuKo+fuLr2D89ZA="},"indexInfo":{"baseKey":"BamA/WBrDm1emXKOAVeN7GHEXRw0lEbG1nh8DL7oQ+9N","baseKeyType":1,"closed":1710711576303,"used":1710711575970,"created":1710711575970,"remoteIdentityKey":"BYFQpq014jGXCFkPiOniGEvj4nQkufQRb2txcqg/zPRX"},"_chains":{"BXIk+8ivpgok2r7aq30wVimNNZnYf4M84VP4Ms7O06Ug":{"chainKey":{"counter":-1,"key":"lYAmUREleV9/2GbV0D74K/ce9TXQuMJGM8nsVlzDlIs="},"chainType":1,"messageKeys":{}}},"pendingPreKey":{"signedKeyId":1,"baseKey":"BamA/WBrDm1emXKOAVeN7GHEXRw0lEbG1nh8DL7oQ+9N"}},"BVkw+0A8e7/uIuB9K0USm28q8+fShAdelTT25abe0gUJ":{"registrationId":33,"currentRatchet":{"ephemeralKeyPair":{"pubKey":"BcWab8sHg6nCzukxM9vExStD6JTzfi+Bvbln7FADSNhP","privKey":"cPkwTxZm3LI/6h4o7je46BH7ingirHwupC6/+VPp8k4="},"lastRemoteEphemeralKey":"BS1pb9w0X0RZBJOhJQzpwVzyt9y1cZd3gWWMglutoWNz","previousCounter":0,"rootKey":"gGQQ37BiYHmxvtnsrdAecyw/8PMbNBaub/xTHu1ZeaU="},"indexInfo":{"baseKey":"BVkw+0A8e7/uIuB9K0USm28q8+fShAdelTT25abe0gUJ","baseKeyType":1,"closed":1710711576687,"used":1710711576285,"created":1710711576285,"remoteIdentityKey":"BYFQpq014jGXCFkPiOniGEvj4nQkufQRb2txcqg/zPRX"},"_chains":{"BcWab8sHg6nCzukxM9vExStD6JTzfi+Bvbln7FADSNhP":{"chainKey":{"counter":-1,"key":"h5Sp1H0EPehnKcobsAh3mhqbHv5NJJgibu4EboXEDjs="},"chainType":1,"messageKeys":{}}},"pendingPreKey":{"signedKeyId":1,"baseKey":"BVkw+0A8e7/uIuB9K0USm28q8+fShAdelTT25abe0gUJ"}},"BUkqW3FpCpAoVyK1oc50xKmJTa2/O2w43a6NIbpVZPos":{"registrationId":33,"currentRatchet":{"ephemeralKeyPair":{"pubKey":"BXPFOFYK4AMyCKWRV3vy5OXNuIin1gG5yLizpJprzP9j","privKey":"SK7WHILLUHXT+U15d9I9MMSr/1/y9szR1KOezMzoAGI="},"lastRemoteEphemeralKey":"BS1pb9w0X0RZBJOhJQzpwVzyt9y1cZd3gWWMglutoWNz","previousCounter":0,"rootKey":"D811DLjd3rUI8dGLfpaeV17148UPTXSsDqS3XRsGybo="},"indexInfo":{"baseKey":"BUkqW3FpCpAoVyK1oc50xKmJTa2/O2w43a6NIbpVZPos","baseKeyType":1,"closed":-1,"used":1710711576667,"created":1710711576667,"remoteIdentityKey":"BYFQpq014jGXCFkPiOniGEvj4nQkufQRb2txcqg/zPRX"},"_chains":{"BXPFOFYK4AMyCKWRV3vy5OXNuIin1gG5yLizpJprzP9j":{"chainKey":{"counter":4,"key":"cyZbRV7gE8x/+MhlsphY+F5clj2W96u9FnP7TuLu370="},"chainType":1,"messageKeys":{}}},"pendingPreKey":{"signedKeyId":1,"baseKey":"BUkqW3FpCpAoVyK1oc50xKmJTa2/O2w43a6NIbpVZPos"}}},"version":"v1"}