{"_sessions":{"Bc6igfwAXAppzI/6fXTZr8foToULijQ4bxCkXxbOOXF/":{"registrationId":101,"currentRatchet":{"ephemeralKeyPair":{"pubKey":"BeIiatNX7lQ1bjVcLmB9tYPrzyOOs1V+H2AEHS/tLcdN","privKey":"uIvzWDK0q9tT0OWhyh8vv4dCGdxavtOBCxo3gdf7bHM="},"lastRemoteEphemeralKey":"BfyuhajASApUN6QZcz6blQhzrGULqe8waTAoBCLwBjkd","previousCounter":58,"rootKey":"ZJpkhAs7zrmEj8qjNNH7F456lcC/tck/ZHw8OcMg+jQ="},"indexInfo":{"baseKey":"Bc6igfwAXAppzI/6fXTZr8foToULijQ4bxCkXxbOOXF/","baseKeyType":1,"closed":1710624702812,"used":1710624720572,"created":1710599636988,"remoteIdentityKey":"BX56r4IbjaBpkQXjar9OpmSaTUvqUrqdiwkb7JmSo5c7"},"_chains":{"BfyuhajASApUN6QZcz6blQhzrGULqe8waTAoBCLwBjkd":{"chainKey":{"counter":165,"key":"AJYWwMUkun1MST5YGXpk1oQXbgd6UtcZMvrcio/5oVI="},"chainType":2,"messageKeys":{}},"BeIiatNX7lQ1bjVcLmB9tYPrzyOOs1V+H2AEHS/tLcdN":{"chainKey":{"counter":-1,"key":"zLHepqg+/hanerPBwtZ7ZP1FVxzlN/dX6oqqHYMyIoM="},"chainType":1,"messageKeys":{}}}},"BedkJ5wortjBTYNjcgm5UyAYTR3q47SgEWRJV6iO9rQS":{"registrationId":101,"currentRatchet":{"ephemeralKeyPair":{"pubKey":"BXIivQtAu7sEMVqT3crSv60dkSZU3zxt5FZClWNxgMxI","privKey":"4LxoMebPceyp0ECD7eA114x9gaIF6rrNr/+ZB2vgRlE="},"lastRemoteEphemeralKey":"BfyuhajASApUN6QZcz6blQhzrGULqe8waTAoBCLwBjkd","previousCounter":0,"rootKey":"CEDJZ/h2ynrppBY8doCiUQjEPltXg/TV11qVcEvzvpk="},"indexInfo":{"baseKey":"BedkJ5wortjBTYNjcgm5UyAYTR3q47SgEWRJV6iO9rQS","baseKeyType":2,"closed":1710624704012,"used":1710624702819,"created":1710624702819,"remoteIdentityKey":"BX56r4IbjaBpkQXjar9OpmSaTUvqUrqdiwkb7JmSo5c7"},"_chains":{"BfYp/I1395oay9HTmbRukloCrHPG8pWS8a23cHkN+bQv":{"chainKey":{"counter":0},"chainType":2,"messageKeys":{}},"BfyuhajASApUN6QZcz6blQhzrGULqe8waTAoBCLwBjkd":{"chainKey":{"counter":0,"key":"yRz2QRhuR5FK3gukq/hG5MGR3YsB9UBAbhz3VVgak3g="},"chainType":2,"messageKeys":{}},"BXIivQtAu7sEMVqT3crSv60dkSZU3zxt5FZClWNxgMxI":{"chainKey":{"counter":-1,"key":"oFJ7RZxujdD3iiPEnCRSl1UGSKWFFYa5MTraQPwuRak="},"chainType":1,"messageKeys":{}}}},"BWy16Wis6sMfGh/u+A1fY5qnZND+X3SmtKGF8KEq90xX":{"registrationId":101,"currentRatchet":{"ephemeralKeyPair":{"pubKey":"BZsMt3Cpt4IQjimsIYmZ0mY72JBb5XFSy2+4+ppbjOx6","privKey":"IH18xWAfOHNdD5cxgKjf1gsPDbq6EfJOlQG1lkO9wkw="},"lastRemoteEphemeralKey":"BfyuhajASApUN6QZcz6blQhzrGULqe8waTAoBCLwBjkd","previousCounter":-1,"rootKey":"UUAXcTX9A29cqYTLXpil1cTnPFVIHDL1bkqi3ID2KsM="},"indexInfo":{"baseKey":"BWy16Wis6sMfGh/u+A1fY5qnZND+X3SmtKGF8KEq90xX","baseKeyType":1,"closed":-1,"used":1710624704001,"created":1710624704001,"remoteIdentityKey":"BX56r4IbjaBpkQXjar9OpmSaTUvqUrqdiwkb7JmSo5c7"},"_chains":{"BfyuhajASApUN6QZcz6blQhzrGULqe8waTAoBCLwBjkd":{"chainKey":{"counter":0,"key":"kfRCbouP9D6wyX+/fdT9S/GlUtohpDrZI5mTklOu9Uo="},"chainType":2,"messageKeys":{}},"BZsMt3Cpt4IQjimsIYmZ0mY72JBb5XFSy2+4+ppbjOx6":{"chainKey":{"counter":636,"key":"H8wdW+FOAEmVGuX0rijrUPG2OTknxJzXlNzlxYe3CKc="},"chainType":1,"messageKeys":{}}},"pendingPreKey":{"signedKeyId":1,"baseKey":"BWy16Wis6sMfGh/u+A1fY5qnZND+X3SmtKGF8KEq90xX","preKeyId":29}}},"version":"v1"}