{"_sessions":{"Bd/DuHkT7B4hbPqfKYrPf3xYlbsy384CCxshEKKJrNEx":{"registrationId":147,"currentRatchet":{"ephemeralKeyPair":{"pubKey":"BfPBvqcamNv7+yMpgre6kSsx+EN15uKQQo2g2NCrtDQo","privKey":"SGymQhEjd/4X7pB5phA8ufoTDqEv1MGYVbFEYDmUtX4="},"lastRemoteEphemeralKey":"BeNidY+ZR8HixmOu6mj5Iwp9FXMgp9ZXhui3VoVAOKkd","previousCounter":0,"rootKey":"NZr3yVkbgl5b625ShmYtzh7k4vO6G+GdrybgbCL9LHA="},"indexInfo":{"baseKey":"Bd/DuHkT7B4hbPqfKYrPf3xYlbsy384CCxshEKKJrNEx","baseKeyType":1,"closed":-1,"used":1710599636996,"created":1710599636996,"remoteIdentityKey":"BSO2fomLqopb/Cph13a6cGB7r1h3O3JeBi3l1Bzn7egx"},"_chains":{"BfPBvqcamNv7+yMpgre6kSsx+EN15uKQQo2g2NCrtDQo":{"chainKey":{"counter":128,"key":"kRGVmJDsAyaPwaMXxuTI8C444WLa8LbQ8NumwfP0/u8="},"chainType":1,"messageKeys":{}}},"pendingPreKey":{"signedKeyId":1,"baseKey":"Bd/DuHkT7B4hbPqfKYrPf3xYlbsy384CCxshEKKJrNEx"}}},"version":"v1"}