{"_sessions":{"BdsXu5DmaIM8qNBn+GJE4xUJPIUr4K28g69zfbdFGiFd":{"registrationId":1669522581,"currentRatchet":{"ephemeralKeyPair":{"pubKey":"BVXjTEuYy8ji6mFiZHi41W3Y01V8z2n8Tpjf8Xj3XJ4x","privKey":"qOvrgEzmBf8bYvwX4190xojaEHBscnQH7eP+7+WdFX0="},"lastRemoteEphemeralKey":"BRBw6rVqEwjRkERXIjmtmNXFQDDiMcJ31g3QUYTvORZU","previousCounter":0,"rootKey":"RZmniUlN/8mienij8y8f2ENB13JXw0VyADo0u5Ewsmw="},"indexInfo":{"baseKey":"BdsXu5DmaIM8qNBn+GJE4xUJPIUr4K28g69zfbdFGiFd","baseKeyType":2,"closed":-1,"used":1710714864769,"created":1710599792220,"remoteIdentityKey":"BTl3yfNesy7LGBl0Fz5lA3mnQ5nl2tKEbgW8VbgiNucb"},"_chains":{"BSAwubuf7j1jAQKceTfbPH8DUX4Bmjbc0tv7EnL7qI9s":{"chainKey":{"counter":1},"chainType":2,"messageKeys":{}},"BUWEIeO+dpHABkikrpHlSOaLPuzY+2C1GuqG3KF0M/Zn":{"chainKey":{"counter":3},"chainType":2,"messageKeys":{"0":"Ggwa2Icx4Bk8eQelCAyOXQKJ/sbyZKaEbqmATtyoX2k=","1":"/rt2LLJPRqrzUtLCeJ9M4RJG6zU92CECkshcTlSCntA=","2":"2otDdJ3dOXE/FrVXx5u//OmCNwkUXrTWBR/Fy8qFYfE="}},"BTFGnK8F17xxArC+OLeZaqVPOSfCj0dKA6YVr9uRNTcX":{"chainKey":{"counter":0},"chainType":2,"messageKeys":{}},"BeHzc3nVfUCpyhnv/EfRCcpgWl3Zlm79cZr9zK52R0kb":{"chainKey":{"counter":2},"chainType":2,"messageKeys":{}},"BdGw4FV4ALCbFdi4zOCLD+UB8fE6wGd2bEbisF5kUrZ7":{"chainKey":{"counter":0},"chainType":2,"messageKeys":{}},"BYxSGuWrPw5akKGSvNU6NgAO+v3YppzJwqmXJFXDRHwL":{"chainKey":{"counter":1},"chainType":2,"messageKeys":{"1":"4YEOr8W2cdFpfV/KC9r6osh2B4C5fXsCUl0VIAvuhM8="}},"BQ17NVM8jioFPj19ioUbkyfFVIkLdH4cwcI8U2ZyqrMb":{"chainKey":{"counter":0},"chainType":2,"messageKeys":{}},"BTWBIU7Exrq7gXGZgsIJDRG+ygH45wwWs9Y/X7H2/IQ6":{"chainKey":{"counter":0},"chainType":2,"messageKeys":{}},"BUzXYSpTy1SRs/AZqX1IsLs/iN0GFc213WNXtAubZzN1":{"chainKey":{"counter":1},"chainType":2,"messageKeys":{}},"BU1CG9pEBBynkuYKUko8Bm5S+U4GZcgjEsOTO2FO9m5K":{"chainKey":{"counter":0},"chainType":2,"messageKeys":{}},"BXB8T/dMoFIoIS1eDxv7NvZr2d4kLF/hEknhwg+r2B1q":{"chainKey":{"counter":0},"chainType":2,"messageKeys":{}},"BQ3rqk+U3Jz2JGSgN6LLwaTlm7gWbR35Iqz8XgU34Kl0":{"chainKey":{"counter":0},"chainType":2,"messageKeys":{}},"BZlhg8cDMxlp/EyLKq1sBgVxo9SCzZaLvFhRTPqjuS1A":{"chainKey":{"counter":0},"chainType":2,"messageKeys":{}},"BRS8aj0cbubQ++ExqQs39iPoeOkspnwYANdtAHZ/Q8Qw":{"chainKey":{"counter":0},"chainType":2,"messageKeys":{}},"BajHHu5XRsaefm6eCTWG/JixaNozsHMc74aO8BKIDwR7":{"chainKey":{"counter":1},"chainType":2,"messageKeys":{}},"BZAy+q/kf/Z/gcL9g7TolbB73Y/g0r4ckcoqhO6aEL9/":{"chainKey":{"counter":0},"chainType":2,"messageKeys":{}},"Bf2uSJwLC7fTGn1dXXMSLAafhx+TXFZ2rLBP+lKRDgca":{"chainKey":{"counter":0},"chainType":2,"messageKeys":{}},"BUq16Ez5Ba0CtwiZbfa78lv1oxGnc4v7SwVRemJM20po":{"chainKey":{"counter":1},"chainType":2,"messageKeys":{}},"BeZhA+T6YK+pea8y8xBluY74eQ5Q+QI1H7vn7tWlNzFC":{"chainKey":{"counter":0},"chainType":2,"messageKeys":{}},"BWosy+knnqboRDe2sE2R+YiFO9Vhwc9Hn70NgUhmyGhN":{"chainKey":{"counter":0},"chainType":2,"messageKeys":{}},"BexSUcNCkK/IKf+onwLoPqqoqF/QLaklXSnG3XloZ/U/":{"chainKey":{"counter":143},"chainType":2,"messageKeys":{"3":"GI8Ljp+kciY5wLW2QGkB6iukoN8xdfOBIqzfaS40yck="}},"BU2cSn3TQtV6meAjo2d/OkvXPGjBEJnn5LqcMr062eo1":{"chainKey":{"counter":1},"chainType":2,"messageKeys":{}},"BVxxksNaaud7ukbnj9D+Ql73Ud6j8IXATMOaTKDF4Y4h":{"chainKey":{"counter":2},"chainType":2,"messageKeys":{}},"BXKY32HcpTkqWFyFpv6YAEnuaI5h4NZiqslgMD+KBZdR":{"chainKey":{"counter":0},"chainType":2,"messageKeys":{}},"BZZv2nPL2HI1uOQAD9DD7fSuQiRhdXDQMWx2aUtNCM86":{"chainKey":{"counter":0},"chainType":2,"messageKeys":{}},"BSzl53CKng0Vp0jolLOjY0zLI8ACUstyHwbWYX0EXpd7":{"chainKey":{"counter":0},"chainType":2,"messageKeys":{}},"BRlL2+RN8HuvBn2Js3OuTVOQbIKeh2KwxYJ1264cXBhK":{"chainKey":{"counter":0},"chainType":2,"messageKeys":{}},"BYJJ4aIhPkHxSUrHH81EZWP1PBeIkN6ChNdjEnY9NscV":{"chainKey":{"counter":1},"chainType":2,"messageKeys":{}},"BQv9jpeURv60yImFB1hBELaXQbqdJ/RKTpe/PR0Vktlk":{"chainKey":{"counter":0},"chainType":2,"messageKeys":{}},"BRl6lLdoknvpyvMI7ZnZQcsvsPfhWXqpy9cFseC0K1Um":{"chainKey":{"counter":1},"chainType":2,"messageKeys":{}},"BYBCHGHgWEmfpRfd8iaQtqEvIkEYONedDu2WBxJYn35q":{"chainKey":{"counter":0},"chainType":2,"messageKeys":{}},"BeRGR30HS4qC3YuEtQMz27UrXm9AnXUX4Bj65HQSDnos":{"chainKey":{"counter":0},"chainType":2,"messageKeys":{}},"BeDhQ09KewUznV9z+4hytH0FDjg/Tk2OUuC+X8QjAMkS":{"chainKey":{"counter":0},"chainType":2,"messageKeys":{}},"BRwL1v9OdAONNGCQDBJ6eA5QhfB6Ux8jisIKEM1yPL8x":{"chainKey":{"counter":0},"chainType":2,"messageKeys":{}},"BXd/jcIxGlgHTUSqYJ7fRvznGcpcicuc8noiYCGcHDwJ":{"chainKey":{"counter":0},"chainType":2,"messageKeys":{}},"BX/2/RKXUcIaS6qjUQEjIEm9y1hh96ZeurR7S5Vaj8RA":{"chainKey":{"counter":0},"chainType":2,"messageKeys":{}},"BSc1W3Fca7NxzxOjEVmB4rO6o/HMlUKIbKMRTRvhM+cs":{"chainKey":{"counter":0},"chainType":2,"messageKeys":{}},"BdEEKB0Cj+yJPWCzS3fBYKP+363gDJHpvwFA5q0tJzko":{"chainKey":{"counter":0},"chainType":2,"messageKeys":{}},"BULu6l4yzv1+ofUd+ZGMt0yObb1SUajSl8t8Ob7cnc0w":{"chainKey":{"counter":1},"chainType":2,"messageKeys":{}},"BZ+ZndURjSiNBhqUeb2H18hXieOrhTm5ZAzUiAQArjVc":{"chainKey":{"counter":0},"chainType":2,"messageKeys":{}},"BT3m/z+TowzFFa3Pc0op/CawaU6v8HeON5OGX2/MJlQ0":{"chainKey":{"counter":0},"chainType":2,"messageKeys":{}},"BcW11Asafc3wauJvi+m2FqWMjMV1JVomZs5JSPmLPmNW":{"chainKey":{"counter":0},"chainType":2,"messageKeys":{}},"BZhg3J8eSQAaB/Z573V+3iJmpkGm4npjPVW0+D7Tjh9o":{"chainKey":{"counter":0},"chainType":2,"messageKeys":{}},"BZcHf3ui1qdLNQ7XICj205pG6XNzE9pR5Hprb0DQGy5W":{"chainKey":{"counter":0},"chainType":2,"messageKeys":{}},"BVd3AqPevxgN0VnVnTDYqMXORIrlTK1Ha2TYDiID1wom":{"chainKey":{"counter":0},"chainType":2,"messageKeys":{}},"Bf55KMjQIj0TU4dN9/jT57sbJr+DoVcYBQ52Qj2tuUxt":{"chainKey":{"counter":0},"chainType":2,"messageKeys":{}},"BdilLFngMnbe4sYn+QMt8q35Aaul1tW/BKZNEeGPbaxN":{"chainKey":{"counter":0},"chainType":2,"messageKeys":{}},"BQbwPW0hJAalPTIIYqs8o1j6Co4ury+MxbjZBGdU3AoX":{"chainKey":{"counter":0},"chainType":2,"messageKeys":{}},"BXORTcRWhTK34yW/R4nR2znPR8DA8eFzGgje+2CjkdsS":{"chainKey":{"counter":0},"chainType":2,"messageKeys":{}},"BR1KNyGri2rZ5BhZfFxXSIfT1ajqxgc51RHuQ4e527Vn":{"chainKey":{"counter":0},"chainType":2,"messageKeys":{}},"Bcem2JBM8QdXbm8O79/XUWHmXTeKO1rSaT7D4w/Lz+RI":{"chainKey":{"counter":0},"chainType":2,"messageKeys":{}},"BUh8oIvK0osbrKd/SbS7slwSlz+kSxHBABPnAsn6YIQy":{"chainKey":{"counter":0},"chainType":2,"messageKeys":{}},"BSOmI6v9lLNd5Zeaiw4g7+FJX0QGOKlhYLp6X4rWAkBs":{"chainKey":{"counter":0},"chainType":2,"messageKeys":{}},"BeiTphC//QXcwVmIigBSfctwasz0RM3tXAAYNbGHoNJt":{"chainKey":{"counter":0},"chainType":2,"messageKeys":{}},"BTpLql8c+Ty5QxmeKPUrLArHepza9fDRR56goQGUjIpv":{"chainKey":{"counter":0},"chainType":2,"messageKeys":{}},"BfqcgdGoQstlwuaweAeGgONO3VwSy2abmOPu3OQocjQY":{"chainKey":{"counter":0},"chainType":2,"messageKeys":{}},"Bb7MBcSgdszZRMpdySTVY4vCBJhobKm7q4t3csy5OBQ5":{"chainKey":{"counter":0},"chainType":2,"messageKeys":{}},"BVU503B1qYTaGU/b7WIEob2eKJQAj7XTa+fxGRJ+tOQS":{"chainKey":{"counter":0},"chainType":2,"messageKeys":{}},"BSSqlGcDRWOXY7R9PvXlk4gw2O3xe0+By5aENEBf0fl4":{"chainKey":{"counter":0},"chainType":2,"messageKeys":{}},"BasdKJ62mAmtDLtsCUhi39mDwcKON01d/mmHYurzYXEi":{"chainKey":{"counter":2},"chainType":2,"messageKeys":{}},"BVGcn46sAn15olp4kMAjn6xs2Ri1ACnTDN1o98XU0fRa":{"chainKey":{"counter":0},"chainType":2,"messageKeys":{}},"BZWfHPG3WDlblr2QEWSapysp2JMQlOAWMCbaWp45vsAi":{"chainKey":{"counter":0},"chainType":2,"messageKeys":{}},"BV+kytPLYNiMpoBW+ll2Fb3A/6cJH5YgNp88mUpRjbkl":{"chainKey":{"counter":0},"chainType":2,"messageKeys":{}},"BRweTxJCJmu/iuNKi0XPLUyw2aGhc7oh6g4LTj1xMiki":{"chainKey":{"counter":3},"chainType":2,"messageKeys":{}},"BeErecqnHnzS3CBMjiUOmEgREvJG3kgnNJ1t7sFdoyE6":{"chainKey":{"counter":0},"chainType":2,"messageKeys":{}},"BcB7W83QvcRZcqB+8vosqceRUj6PKxlCgP2QORzlBGhz":{"chainKey":{"counter":1},"chainType":2,"messageKeys":{}},"Bb3w1H+8POKarc/kL+JnaAAEtEO8GYh4Ix4j6xiyYIxA":{"chainKey":{"counter":1},"chainType":2,"messageKeys":{}},"BWkqfcyLJMV7pzxWYw1GIty6KzhEWJIrVbeEWmltWAYQ":{"chainKey":{"counter":3},"chainType":2,"messageKeys":{}},"BTp+iLA81M7CtAi8qPxUyBgxNDDpZgpkgygPIY/jZzFg":{"chainKey":{"counter":0},"chainType":2,"messageKeys":{}},"BQGTNbzPveYa0Yms0Ak5KOb5CGiy7hDSKJCYnzhE0tMW":{"chainKey":{"counter":0},"chainType":2,"messageKeys":{}},"BSQdCqwlmxIBSDPMhEcrpLLBoIMkChQsw1MnR8x0A2c1":{"chainKey":{"counter":4},"chainType":2,"messageKeys":{}},"BVwkJXHcw204911Qmhasnommu3uQbMNUHFBc2VlUsl5n":{"chainKey":{"counter":0},"chainType":2,"messageKeys":{}},"BUgAVw1BHdzucLgbTTMcQuqF7WNiQwr6mLdsTvHT+6FY":{"chainKey":{"counter":0},"chainType":2,"messageKeys":{}},"BbsH3hfADnOA4AvVkslhscZZ9N41dftWWHDh0xJYpvtW":{"chainKey":{"counter":2},"chainType":2,"messageKeys":{}},"BYnXOiDIbMY3qOh513vQnGDba6zPt98IXwerY8gv6REL":{"chainKey":{"counter":0},"chainType":2,"messageKeys":{}},"BaC6syhwKfVPkzHagwcbYHmec9XNT6Vi7e1MRx3vhqlK":{"chainKey":{"counter":0},"chainType":2,"messageKeys":{}},"BekSWE3XqGV6Idqxm+7DkmswrL0ANuK9q6NNJzjXGT9D":{"chainKey":{"counter":0},"chainType":2,"messageKeys":{}},"BZuXH4AC42XvbRf2unv7q15+VmKjP10IVDS+j5VVPeYL":{"chainKey":{"counter":0},"chainType":2,"messageKeys":{}},"BYyXLP8fZLPdHOKh+zPyi3Bo3nyUQMAJGBEhQ2QHcBYs":{"chainKey":{"counter":0},"chainType":2,"messageKeys":{}},"BYx61yMAyYVVoZqraSIl08jKF6RCZJFvNT6CLi0Ery81":{"chainKey":{"counter":0},"chainType":2,"messageKeys":{}},"BbAyTZurINmfDqYYyKuAnWTgG4JUHRJ7CumrUXqfioBl":{"chainKey":{"counter":0},"chainType":2,"messageKeys":{}},"BTjNn80v+nHRsUhuhopHGppfcSO0gGoYDYp9BcWYgzQE":{"chainKey":{"counter":0},"chainType":2,"messageKeys":{}},"BaecQDlyMAMVjL3J21qDcFUcy8HVNQNH/EtNWJLPfB9N":{"chainKey":{"counter":0},"chainType":2,"messageKeys":{}},"BTAMf2NELfxHrW9mwIGNNLb0EmQAxI59BaTA+zAs0po5":{"chainKey":{"counter":0},"chainType":2,"messageKeys":{}},"Bcrdhl4ZJH4YSFpB1nDMyHrzy//BxD4XEar8G0Ad5Bsy":{"chainKey":{"counter":0},"chainType":2,"messageKeys":{}},"BSp6ru7kUpFJvAcC8/5Muvo0rrJ516b4Yp7VqDPn5TFJ":{"chainKey":{"counter":0},"chainType":2,"messageKeys":{}},"BSD1sPS8p9TuBEQIfvGhd3GQp6w+hgMCKSe8gyIt8ssQ":{"chainKey":{"counter":2},"chainType":2,"messageKeys":{}},"BdlnGou8z1xvi6u5ZpxAZpFY/2hARHzD2TX7fKVuGJg+":{"chainKey":{"counter":2},"chainType":2,"messageKeys":{}},"BdGurRI/drwZ8QaNohVblju/RusE/Nr5kENNpq8t/CVG":{"chainKey":{"counter":0},"chainType":2,"messageKeys":{}},"BVNybIK01ztqwk1Q17nT4rlqa+oatISlw3hoPM8hCL1k":{"chainKey":{"counter":0},"chainType":2,"messageKeys":{}},"BWAX9VTekQcRTxNxDvmYe4YARX17Rald23MW5QcvJYgy":{"chainKey":{"counter":0},"chainType":2,"messageKeys":{}},"BZkrUiG8LolFgw50OJ4MmQE5VQqBs/+N4Q3Qjdzw+V8G":{"chainKey":{"counter":0},"chainType":2,"messageKeys":{}},"BXjlk2qDDC32/S8oqtVb28hAZ5Q6u9geuOsgOr/Ka+g5":{"chainKey":{"counter":0},"chainType":2,"messageKeys":{}},"BT7WNHnt2si1X3RYCRdrOufyXQf6zH6dBkZjdxV1pmk5":{"chainKey":{"counter":1},"chainType":2,"messageKeys":{}},"BTT5lKZtvLAcQyalBrAH3sno621ejJnpwjWuZlx3xoFL":{"chainKey":{"counter":0},"chainType":2,"messageKeys":{}},"BZTCao1df69HRIFgshqeuVQox5pvgHU78C0gNevd4UEG":{"chainKey":{"counter":1},"chainType":2,"messageKeys":{}},"BRr9/t4Kv5d0BhDJxWd5oFRwV+q7M+omZaGQEgCqbopX":{"chainKey":{"counter":1},"chainType":2,"messageKeys":{}},"BZ2ZJNyCxAfoRYUocyVO4Jg7L+/IQc3OMFtZSU1OTrYd":{"chainKey":{"counter":0},"chainType":2,"messageKeys":{}},"BcG+fFdg8G7oFZDo5X0p5+lw10VrF04tnfL2frlw1fl3":{"chainKey":{"counter":0},"chainType":2,"messageKeys":{}},"BcwJ6KsN+18Ef0ljILNrg8Sd65fJvjMJB6tfgKt4b1lK":{"chainKey":{"counter":0},"chainType":2,"messageKeys":{}},"BQAqCl3twj5V3+TjsNG6MT4Je05HA9ww9LqQ7i+AG7F3":{"chainKey":{"counter":0},"chainType":2,"messageKeys":{}},"BSVSHTP0Pth2PZB2hEBc0vmFOOAD9eCBOhisaz2sgo9e":{"chainKey":{"counter":0},"chainType":2,"messageKeys":{}},"BRg004H6RkzEffyoUx5HNjEUAUYcZhCPJ/aVDX8whntU":{"chainKey":{"counter":0},"chainType":2,"messageKeys":{}},"BQZ8CDVGJfjJ81PhInOUwYa1jPUhus4doTZcRmtO03U0":{"chainKey":{"counter":1},"chainType":2,"messageKeys":{}},"BSXc29fsYYwTNEv49Ws+gtEnPi1d+Jz/RfCLgNmkpWpS":{"chainKey":{"counter":0},"chainType":2,"messageKeys":{}},"BQKa6DpBB2wNJyh3Z/0ojgmKUY9bcPezY1VqWMYTZNk9":{"chainKey":{"counter":4},"chainType":2,"messageKeys":{}},"BcJGlGlOlYa7Oj43aCbqvP5/ysfEUomLfq3PpxZh4x9X":{"chainKey":{"counter":0},"chainType":2,"messageKeys":{}},"BQ1F2VqNSWZnzg99FevU4zejX0IwTUvbsevVB1VhnEYR":{"chainKey":{"counter":0},"chainType":2,"messageKeys":{}},"Bcd1KBjXLgT8KFNxH0r+kBfQ31cVa2tDmSzIG7NSbxl5":{"chainKey":{"counter":0},"chainType":2,"messageKeys":{}},"BXJVJuYPwx+V+vXOMR9VqvFGMENZ3mpflbzDD9r1tOI6":{"chainKey":{"counter":2},"chainType":2,"messageKeys":{}},"BXIjwjdYUryDVlaLa87mUGM6FbhqafkyQIc+KbEMaLZI":{"chainKey":{"counter":0},"chainType":2,"messageKeys":{}},"BbtQjsQ6hPSWKL+D8Pyl4JlEdf2qzWZWx63GoWp2GKNG":{"chainKey":{"counter":0},"chainType":2,"messageKeys":{}},"BTRU/VPCll0a7sAeZmMWlgGxfKobwJQru+V7fXpztS87":{"chainKey":{"counter":0},"chainType":2,"messageKeys":{}},"BZFWdv/ikMSXV2HTH09Eh6JMJngUPqz7Bd/cPbenz0oe":{"chainKey":{"counter":0},"chainType":2,"messageKeys":{}},"BVSpceg9O6GAl53IJslpbb3XWhos8wmI6YOnyv1QGqsI":{"chainKey":{"counter":0},"chainType":2,"messageKeys":{}},"BViHxMlnUerhdpOJTWujfMwykE8jDdnzAHScYpv38G0z":{"chainKey":{"counter":0},"chainType":2,"messageKeys":{}},"BfDPYEAQNsieL8cQcDWHByWgndL/SlLPsNCgBPDEIfBe":{"chainKey":{"counter":0},"chainType":2,"messageKeys":{}},"BS2bi2AKrAo7rwMiOKlgQYv5uNg9Eqwb5u3RVG2Ka+Yk":{"chainKey":{"counter":0},"chainType":2,"messageKeys":{}},"Bd10bZYPIRjuCw0RBHZKs+0TuZF/AbUOhts2zGj2bc8c":{"chainKey":{"counter":5},"chainType":2,"messageKeys":{}},"BWgrliDmmgSJedi9vBVNdUNkZTe/9q8X2KhVugc3WeYh":{"chainKey":{"counter":7},"chainType":2,"messageKeys":{}},"BbT4mLg4y0mKmjEecCd/AVnlUEUSfAMiAYL0ZOBLHX9m":{"chainKey":{"counter":0},"chainType":2,"messageKeys":{}},"BU/W1uBsJ/ZbFksnlJNizDM7emOAIDbfEfTm/DoyMRYN":{"chainKey":{"counter":0},"chainType":2,"messageKeys":{}},"BcPoFLxYY32/Q5qypdBWMLCMFKz+v3e9c7cXXIbBvw8g":{"chainKey":{"counter":0},"chainType":2,"messageKeys":{}},"BdoshFPMRrPCPeEGwCZH3OCORC6fcpD2hSsMchJtMZMD":{"chainKey":{"counter":0},"chainType":2,"messageKeys":{}},"Bc60khD+DLD6MfpQVar2uagHsHi9f5D8SWfxPD49Qggt":{"chainKey":{"counter":0},"chainType":2,"messageKeys":{}},"BbS2oLpbuEL4+KkHXONX7Ah52IYPLJckjxJkK9aJeFNZ":{"chainKey":{"counter":0},"chainType":2,"messageKeys":{}},"BXPpQoKFI33IV4lyzQ532or/dBmT/E0QH4lbtEZ6VPEd":{"chainKey":{"counter":0},"chainType":2,"messageKeys":{}},"BRrO7dI5ph1qjVqE4EEX1tjf7yI6jyDpv7dmZMMH80Vy":{"chainKey":{"counter":0},"chainType":2,"messageKeys":{}},"BfCaV+9BwezmkHP9HWbPO2hNnIgLv6TXdNCkiU0fQ0Ib":{"chainKey":{"counter":0},"chainType":2,"messageKeys":{}},"BdLY1SyDcHiYSRfS1iStJXOcJ1z8f4Q8vrNqO/L9cBxX":{"chainKey":{"counter":0},"chainType":2,"messageKeys":{}},"BXqrEfpn1m8YmOiIt9C7g7f1IZ6xKVC27Iqbr5XLSB0Y":{"chainKey":{"counter":0},"chainType":2,"messageKeys":{}},"BToF3oX97eZuEsUurcXok/jA6qPxHJhFSUXNixBQICZx":{"chainKey":{"counter":0},"chainType":2,"messageKeys":{}},"BRIS/TJbZBh+0YQKli1GjUiaJTEPM28/aSnBNic34T03":{"chainKey":{"counter":0},"chainType":2,"messageKeys":{}},"Bbo1VMFVIRGdy8yo3y4JW9H6ClJJoh0zsnFmWRzsJ8pT":{"chainKey":{"counter":0},"chainType":2,"messageKeys":{}},"BamUReRGAk99cuRe9FjNlGeZMJbkM3j5ilUOS956p5IV":{"chainKey":{"counter":0},"chainType":2,"messageKeys":{}},"BR7LwUudpD/v9zvVCuKBpzMJlM5lOexCta+OEo6S+/Mh":{"chainKey":{"counter":0},"chainType":2,"messageKeys":{}},"BQ2kR0baXsE1WWODYDyqWabgMee1K5frzee1wxIcx5V0":{"chainKey":{"counter":0},"chainType":2,"messageKeys":{}},"BbTMPSPOf0fIr6ZtsAL8FQnTIfSGOvJjwDVHTVCHxs8y":{"chainKey":{"counter":4},"chainType":2,"messageKeys":{}},"BeJ2wVLzJKCEJYa11eRP3tOt8rdGJLZtUSy3/qeluB1M":{"chainKey":{"counter":1},"chainType":2,"messageKeys":{}},"BUJjXvlx2gMGgw1pytLj911gNWaUn6oI0Optgb8pdRtd":{"chainKey":{"counter":0},"chainType":2,"messageKeys":{}},"BbJ7WGIbm5miJ2T3KEjuau3eglJBwLmZj+yDQPkbdR1R":{"chainKey":{"counter":1},"chainType":2,"messageKeys":{}},"BbsPKgxuJU8VRXn3zJfLSvqTsYTgGyjg1V6aZEexXyl8":{"chainKey":{"counter":0},"chainType":2,"messageKeys":{}},"BXr4o7pMkjoFYrvQ+7xwBFnqqgZliMXrtR1GYZBMNxwO":{"chainKey":{"counter":0},"chainType":2,"messageKeys":{}},"BUzy2gW8doT5Zr/xrJyda2brzc46N1E//gQfJGGB2JZx":{"chainKey":{"counter":0},"chainType":2,"messageKeys":{}},"BSbUwEzR/dDka9Jug0TYNnwEMlFuCFW1CEVTSLne5ORV":{"chainKey":{"counter":0},"chainType":2,"messageKeys":{}},"BdA1oRphK3w8+DmnMoQqtS6PIBELwd3blv4RNYtUsKRZ":{"chainKey":{"counter":0},"chainType":2,"messageKeys":{}},"BSAnK0FM2aGpV8l6xBujy4w9lYv4yKI/+Z4eY8R19WYR":{"chainKey":{"counter":0},"chainType":2,"messageKeys":{}},"BQ9+5gQqlJWasYGuq9bVv8r4k9TphwArJVvLbxUl9PYm":{"chainKey":{"counter":0},"chainType":2,"messageKeys":{}},"BUNNG7eXh4zDkC0TXV8KtzxE81XEqJtdO4hnA9uUQK0I":{"chainKey":{"counter":1},"chainType":2,"messageKeys":{}},"BThrqybE8OI5rdhXhx/6NWhf9/niv8UjS9EDg18rMcNX":{"chainKey":{"counter":1},"chainType":2,"messageKeys":{"1":"kFkUJWAY7zZX2JNP351o+3MPDX7WDbVIWWtS4Dxz9tY="}},"BQxkWBlHYqH3v6pmPtzABhlg5rHV+qTFNGa6ca9KBnI1":{"chainKey":{"counter":1},"chainType":2,"messageKeys":{}},"BTzr0Urh+zcZnZOvBi+WOSlCkBstyfZu2QJcxTvFJLJy":{"chainKey":{"counter":6},"chainType":2,"messageKeys":{}},"BT7KAL9iyYLMM48JQrZ2J+CZP+noQH0P1UevBFTDiBRY":{"chainKey":{"counter":0},"chainType":2,"messageKeys":{}},"BWtNtDzcTosGpojAlKdzY87XS5Xbt4x9cFwxi3umBZEy":{"chainKey":{"counter":0},"chainType":2,"messageKeys":{}},"BTodEmL20iopF+fJr+LSmeK3uRh4Cnzgp9P7vKIFahkB":{"chainKey":{"counter":0},"chainType":2,"messageKeys":{}},"BT3CPDjHkHEqv7FbDtANtQVd1+Dgdr7TZcTHrTLxwMkr":{"chainKey":{"counter":2},"chainType":2,"messageKeys":{}},"BUJ+La2WF/dEJW4w54YwAoTmhYJcwbg5TcInxxMQWdRa":{"chainKey":{"counter":0},"chainType":2,"messageKeys":{}},"BXNc/99yBZ6PagO8RQOM702sNQuYYj+mPonvO9b5cuND":{"chainKey":{"counter":0},"chainType":2,"messageKeys":{}},"BUt7GyVZQD3v52wCJ9zHP1joJbdYLupbFg9gR/PzUtN8":{"chainKey":{"counter":0},"chainType":2,"messageKeys":{}},"BQduDBeccNuKgB4RQv6+CAofjDuZtq7SymL6Q6tqDJk5":{"chainKey":{"counter":0},"chainType":2,"messageKeys":{}},"Bb9h13GVLxRBQj7ERm7eBknLOQyj0Lj8tgYRgm+in0Nx":{"chainKey":{"counter":0},"chainType":2,"messageKeys":{}},"BSdN3FhGJJ3B0xxCO80dxlDp/aDvfzvv2yDF2U6TATV+":{"chainKey":{"counter":1},"chainType":2,"messageKeys":{}},"Bc/+Sj3MtoxJJvC5AqlCDX+xQ/TE3f0q9ekM2TiDXjon":{"chainKey":{"counter":0},"chainType":2,"messageKeys":{}},"BZGkPd3pzVUGXCt5NPhTcCFO86ONZpHokh7nRrC7gigs":{"chainKey":{"counter":0},"chainType":2,"messageKeys":{}},"BaLtOD/QoBZZWl2M/h5Tg4NU1m/wSxOMvOe7of+Nc7wv":{"chainKey":{"counter":1},"chainType":2,"messageKeys":{}},"BZZAcFKGAwAeHtigSFWWmyyPAMMiBfHMJwAZprytdKU+":{"chainKey":{"counter":0},"chainType":2,"messageKeys":{}},"BRBw6rVqEwjRkERXIjmtmNXFQDDiMcJ31g3QUYTvORZU":{"chainKey":{"counter":0,"key":"OgU5M3VYbyCIDvWq0ekfpZxGxHFiLD0r3Zr8cLwIvAA="},"chainType":2,"messageKeys":{}},"BVXjTEuYy8ji6mFiZHi41W3Y01V8z2n8Tpjf8Xj3XJ4x":{"chainKey":{"counter":-1,"key":"x5HVBOyNUy4ve2Zgd9gtL1vL4AacmmYq+YOrF/WlLTs="},"chainType":1,"messageKeys":{}}}}},"version":"v1"}