{"_sessions":{"BeiPXQNnHzXmWhb9KQrR1VbN9fj56aepqh9joaNaD8Ne":{"registrationId":953366830,"currentRatchet":{"ephemeralKeyPair":{"pubKey":"BYnx6Eo1onWL2WNkLmBIE82RtzkBtqzGjqVhTFVVLDM0","privKey":"6CFPWxbiqGabPNlLxiglqrWOG17s5Y6VTzKtviJPHmM="},"lastRemoteEphemeralKey":"BVpgqK49g+cMKJS1rUgAVwPeqDAZwxEnU9vvYxp6SF49","previousCounter":0,"rootKey":"6meBdOflgU4kSDg9eYkyfgnerxpCkxcnF9sPOw/0lFE="},"indexInfo":{"baseKey":"BeiPXQNnHzXmWhb9KQrR1VbN9fj56aepqh9joaNaD8Ne","baseKeyType":2,"closed":-1,"used":1710670797662,"created":1710670797662,"remoteIdentityKey":"BZY+JiglWsPOAf3RpAJ2rW709nAmrsjZB6X3T17jTmht"},"_chains":{"BVpgqK49g+cMKJS1rUgAVwPeqDAZwxEnU9vvYxp6SF49":{"chainKey":{"counter":0,"key":"oohxeoB6ZtKzu+RjWGyllkIiGafzIYl0kEFoRiaxERI="},"chainType":2,"messageKeys":{}},"BYnx6Eo1onWL2WNkLmBIE82RtzkBtqzGjqVhTFVVLDM0":{"chainKey":{"counter":-1,"key":"VZo6mNi1zyg2CN/EAMMjeXq4dZKUzVbqfopx4V6HPZ8="},"chainType":1,"messageKeys":{}}}}},"version":"v1"}