{"_sessions":{"BXR3JgVlrqeCrCjOY6u289jRuB/tgC0SJ094skm3X7sl":{"registrationId":2019539840,"currentRatchet":{"ephemeralKeyPair":{"pubKey":"BSya6cXNwgOGOii6HmBDKcUyxxWMI12LvWeHXyCKR+4R","privKey":"8L/ggkuXw4sMkC3E1rvwjQm799NPpUboIqjdVcs1a0c="},"lastRemoteEphemeralKey":"BTpD+lZeWcqLPuGft4cJgtrusLRB581zBYyDUNSE8bp8","previousCounter":338,"rootKey":"GrEqBdcBTafUIQ5uslVmm8s1O+7/WRCK8KdmimtYdXA="},"indexInfo":{"baseKey":"BXR3JgVlrqeCrCjOY6u289jRuB/tgC0SJ094skm3X7sl","baseKeyType":2,"closed":1710633841904,"used":1710629728706,"created":1710599635894,"remoteIdentityKey":"BUxBH1X1R2D8aeIDNhHtidQPMUq+6S+0ECINkc59GEcj"},"_chains":{"BRnZ9tyrbFmSCc+qnJHI0kclac33bXQgFexcGNwODfNU":{"chainKey":{"counter":4},"chainType":2,"messageKeys":{}},"BQfrI8O+ZD1Lrc2jy5mh0AEVVMabIkOhXz5jVBbWl2E7":{"chainKey":{"counter":1},"chainType":2,"messageKeys":{}},"BaFsxW7d2eMLZupl38TNbFt+zJCR7nVl9qQO9jYeToNy":{"chainKey":{"counter":0},"chainType":2,"messageKeys":{}},"BYdkrezdRJzP0RfHmxMmFPNSA+OMVpRgTin9PMvBdPhK":{"chainKey":{"counter":0},"chainType":2,"messageKeys":{}},"BTpD+lZeWcqLPuGft4cJgtrusLRB581zBYyDUNSE8bp8":{"chainKey":{"counter":2,"key":"zB4QA+XEgCK7vTbPciYXJqdKaK6iIuRk3mxbQeA/NQQ="},"chainType":2,"messageKeys":{}},"BSya6cXNwgOGOii6HmBDKcUyxxWMI12LvWeHXyCKR+4R":{"chainKey":{"counter":115,"key":"iokhF16Ew/r0IkBxpbpsP+ae0zPWEuWEDynQ/+ZPUvs="},"chainType":1,"messageKeys":{}}}},"BbfAl+RUfgqLe+pNHgfh6fb24TEphAZ9jfMLGD3XQA4t":{"registrationId":2019539840,"currentRatchet":{"ephemeralKeyPair":{"pubKey":"BZFPJQihp8bFc4eORJnJnaW1A4MDByFc2CU+aLigpnck","privKey":"qA7FJgxaHf9mXo7sWpkDUZC8vjlinJlru/d6x+IuCVk="},"lastRemoteEphemeralKey":"BYQKP6urxQg7FrMYpiWSaKHwuiLn8J5TZ0JAtOIrb8lm","previousCounter":0,"rootKey":"ri8+3+riN7JB2XlRJgKlVsM3HHv/LJp5nEBl3IEs3JA="},"indexInfo":{"baseKey":"BbfAl+RUfgqLe+pNHgfh6fb24TEphAZ9jfMLGD3XQA4t","baseKeyType":1,"closed":1710636652223,"used":1710633841877,"created":1710633841877,"remoteIdentityKey":"BUxBH1X1R2D8aeIDNhHtidQPMUq+6S+0ECINkc59GEcj"},"_chains":{"BZFPJQihp8bFc4eORJnJnaW1A4MDByFc2CU+aLigpnck":{"chainKey":{"counter":43,"key":"lix1Vh+9IBl43NeijvJoFuvl83w5ztQxanAZBNYSxyI="},"chainType":1,"messageKeys":{}}},"pendingPreKey":{"signedKeyId":0,"baseKey":"BbfAl+RUfgqLe+pNHgfh6fb24TEphAZ9jfMLGD3XQA4t","preKeyId":10831130}},"BQlJT2S3P9aUhikHw2mzA1hVoatt0VJuqI8f04jzh/VI":{"registrationId":2019539840,"currentRatchet":{"ephemeralKeyPair":{"pubKey":"BQ+9Q1Ylxn0pHMHVcZ3kHdJYVDol6x2awakdNq43Bgcd","privKey":"MEfnzZiPDPf1kiOEphrSOkCb/Mp+QgXOvIFpqGVCOXc="},"lastRemoteEphemeralKey":"BYQKP6urxQg7FrMYpiWSaKHwuiLn8J5TZ0JAtOIrb8lm","previousCounter":0,"rootKey":"gwhM+ZhYbYkxoQ/l1SOVqKqyqIDfZrPx4xwT9QrRGv0="},"indexInfo":{"baseKey":"BQlJT2S3P9aUhikHw2mzA1hVoatt0VJuqI8f04jzh/VI","baseKeyType":1,"closed":1710636655487,"used":1710636652198,"created":1710636652198,"remoteIdentityKey":"BUxBH1X1R2D8aeIDNhHtidQPMUq+6S+0ECINkc59GEcj"},"_chains":{"BQ+9Q1Ylxn0pHMHVcZ3kHdJYVDol6x2awakdNq43Bgcd":{"chainKey":{"counter":-1,"key":"uwYSFLLO4GIK37c6bf/UhQqQxbstH3ndFj3u00haQDI="},"chainType":1,"messageKeys":{}}},"pendingPreKey":{"signedKeyId":0,"baseKey":"BQlJT2S3P9aUhikHw2mzA1hVoatt0VJuqI8f04jzh/VI","preKeyId":10830415}},"BRwRWD0H1HuYrvdaO6WFSgjba/xCTUCe3/sVzUT1W4pV":{"registrationId":2019539840,"currentRatchet":{"ephemeralKeyPair":{"pubKey":"BRZZN9KpqJk22bcoqaU4n9+aNjx1+iJLk3Y7iq3Z1DJS","privKey":"2C/XVKBV+fylSxRXd/yr7+6bsg2NE/xkrqZEvxa01nA="},"lastRemoteEphemeralKey":"BYQKP6urxQg7FrMYpiWSaKHwuiLn8J5TZ0JAtOIrb8lm","previousCounter":0,"rootKey":"jia0ydpWIfyYS1eafxeuee6gCL0umJeuxxPnb027n+A="},"indexInfo":{"baseKey":"BRwRWD0H1HuYrvdaO6WFSgjba/xCTUCe3/sVzUT1W4pV","baseKeyType":1,"closed":1710636672970,"used":1710636655469,"created":1710636655468,"remoteIdentityKey":"BUxBH1X1R2D8aeIDNhHtidQPMUq+6S+0ECINkc59GEcj"},"_chains":{"BRZZN9KpqJk22bcoqaU4n9+aNjx1+iJLk3Y7iq3Z1DJS":{"chainKey":{"counter":-1,"key":"bUmtAFZyVDkJ9+foZ/8jZgsC6KhSy43F6wWaGUg0X1k="},"chainType":1,"messageKeys":{}}},"pendingPreKey":{"signedKeyId":0,"baseKey":"BRwRWD0H1HuYrvdaO6WFSgjba/xCTUCe3/sVzUT1W4pV","preKeyId":10831108}},"BeUQtObIhd10WVxW/W8jL2gJevBlmNsLC7tZxZuA3el+":{"registrationId":2019539840,"currentRatchet":{"ephemeralKeyPair":{"pubKey":"BUyjoto5Ur6nRzLZZLZnU2dzq8N987jSo9ExLExtUugz","privKey":"AH58i1rOJDaH+xvOpRXADTFa6HEYzGMrpDU1/JXe+2Y="},"lastRemoteEphemeralKey":"BYQKP6urxQg7FrMYpiWSaKHwuiLn8J5TZ0JAtOIrb8lm","previousCounter":0,"rootKey":"06VocxtuIHggcD1X32NQveuc81hlaavOCVDTY/ZyTnQ="},"indexInfo":{"baseKey":"BeUQtObIhd10WVxW/W8jL2gJevBlmNsLC7tZxZuA3el+","baseKeyType":1,"closed":1710636674631,"used":1710636672958,"created":1710636672958,"remoteIdentityKey":"BUxBH1X1R2D8aeIDNhHtidQPMUq+6S+0ECINkc59GEcj"},"_chains":{"BUyjoto5Ur6nRzLZZLZnU2dzq8N987jSo9ExLExtUugz":{"chainKey":{"counter":-1,"key":"ugjrsvxXu9+k9MJymXcRUjMJ67Lh3LsKROvft+uSCcg="},"chainType":1,"messageKeys":{}}},"pendingPreKey":{"signedKeyId":0,"baseKey":"BeUQtObIhd10WVxW/W8jL2gJevBlmNsLC7tZxZuA3el+","preKeyId":10831118}},"BRTUuSCIlZo9pc3kqdOBrKpthFG6JFDP9DxcoLWU8rok":{"registrationId":2019539840,"currentRatchet":{"ephemeralKeyPair":{"pubKey":"BWcIahxoacgbLSE0zy4uoMvAWeTQB1H3YhgxAr7gkuFb","privKey":"KGeW/eJqMV2AP8Wm97JjEl3o9CxUYJnEvdKnCM5QUlQ="},"lastRemoteEphemeralKey":"BYQKP6urxQg7FrMYpiWSaKHwuiLn8J5TZ0JAtOIrb8lm","previousCounter":0,"rootKey":"yM8lMOVpDwE8nhAtt71FU/QIw8d9+5+Kocjy9KWy3J4="},"indexInfo":{"baseKey":"BRTUuSCIlZo9pc3kqdOBrKpthFG6JFDP9DxcoLWU8rok","baseKeyType":1,"closed":1710636703196,"used":1710636674625,"created":1710636674625,"remoteIdentityKey":"BUxBH1X1R2D8aeIDNhHtidQPMUq+6S+0ECINkc59GEcj"},"_chains":{"BWcIahxoacgbLSE0zy4uoMvAWeTQB1H3YhgxAr7gkuFb":{"chainKey":{"counter":-1,"key":"Ph3v+6o7JSQijMpIY5SiLc1FLveBqVCsjTQ3vUdp97Q="},"chainType":1,"messageKeys":{}}},"pendingPreKey":{"signedKeyId":0,"baseKey":"BRTUuSCIlZo9pc3kqdOBrKpthFG6JFDP9DxcoLWU8rok","preKeyId":10831046}},"BVJXS95FmKQ45DyvskrCiUoH3cl/6byRKhkiYwKPLwYT":{"registrationId":2019539840,"currentRatchet":{"ephemeralKeyPair":{"pubKey":"BR5lkHtnwGNyHkelt0S1yA2bjm7bS2zHSjrfeOmqZDYg","privKey":"SITF0cvpTBYt5zomID2ryu6g/P5efmkhHuLoaPHvHH0="},"lastRemoteEphemeralKey":"BYQKP6urxQg7FrMYpiWSaKHwuiLn8J5TZ0JAtOIrb8lm","previousCounter":0,"rootKey":"DYucf5nmX5xuM5bs800avNcFoQyo4Me35jPwg5QejHM="},"indexInfo":{"baseKey":"BVJXS95FmKQ45DyvskrCiUoH3cl/6byRKhkiYwKPLwYT","baseKeyType":1,"closed":1710636728968,"used":1710636703180,"created":1710636703180,"remoteIdentityKey":"BUxBH1X1R2D8aeIDNhHtidQPMUq+6S+0ECINkc59GEcj"},"_chains":{"BR5lkHtnwGNyHkelt0S1yA2bjm7bS2zHSjrfeOmqZDYg":{"chainKey":{"counter":-1,"key":"8qELKHML/GCpMOaGPyl034aOcaIp3rtSzZ8KxiCc7LM="},"chainType":1,"messageKeys":{}}},"pendingPreKey":{"signedKeyId":0,"baseKey":"BVJXS95FmKQ45DyvskrCiUoH3cl/6byRKhkiYwKPLwYT","preKeyId":10831103}},"BUjql8COeAs5LYHJgsNF66bhWwQLrTLXnWab+TjHDEI7":{"registrationId":2019539840,"currentRatchet":{"ephemeralKeyPair":{"pubKey":"BTvUme4/b1mrpepTEVnRD3py/HasTO9+Aa6K/W9+VWo1","privKey":"gKz/m6P1VxjKlfOCUraz9fSZMUUCu/IfNXsWzzJJx0Q="},"lastRemoteEphemeralKey":"BYQKP6urxQg7FrMYpiWSaKHwuiLn8J5TZ0JAtOIrb8lm","previousCounter":0,"rootKey":"YS+2MKrSymtJvN0t+hGKXlIoS2+wLj8HdFmfjUVyueM="},"indexInfo":{"baseKey":"BUjql8COeAs5LYHJgsNF66bhWwQLrTLXnWab+TjHDEI7","baseKeyType":1,"closed":1710636830218,"used":1710636728958,"created":1710636728958,"remoteIdentityKey":"BUxBH1X1R2D8aeIDNhHtidQPMUq+6S+0ECINkc59GEcj"},"_chains":{"BTvUme4/b1mrpepTEVnRD3py/HasTO9+Aa6K/W9+VWo1":{"chainKey":{"counter":-1,"key":"Hk1Q2a7SqoeXY3+Q6fV4jXT1Tk3iA3tPd3SNgVydfC4="},"chainType":1,"messageKeys":{}}},"pendingPreKey":{"signedKeyId":0,"baseKey":"BUjql8COeAs5LYHJgsNF66bhWwQLrTLXnWab+TjHDEI7","preKeyId":10830412}},"Bef7j65ZI+o2SRenfHBH5efblvkwiRXB3gnOFyktPzAe":{"registrationId":2019539840,"currentRatchet":{"ephemeralKeyPair":{"pubKey":"BQMTAKZLVeED3aaKipF5UVhdc5dsl5NqfRuCHCNrct8k","privKey":"aMEGQao22JDLhZaOA6Ip7rm1wxhOurlMhghDPzjGFXU="},"lastRemoteEphemeralKey":"BYQKP6urxQg7FrMYpiWSaKHwuiLn8J5TZ0JAtOIrb8lm","previousCounter":0,"rootKey":"TCf/+KYeuVQJYLHtBqTJrk5nqnetcKLlsVXmcHrvPXE="},"indexInfo":{"baseKey":"Bef7j65ZI+o2SRenfHBH5efblvkwiRXB3gnOFyktPzAe","baseKeyType":1,"closed":1710636847804,"used":1710636830201,"created":1710636830201,"remoteIdentityKey":"BUxBH1X1R2D8aeIDNhHtidQPMUq+6S+0ECINkc59GEcj"},"_chains":{"BQMTAKZLVeED3aaKipF5UVhdc5dsl5NqfRuCHCNrct8k":{"chainKey":{"counter":-1,"key":"pPhNDzSREWowyzxxIXHlyyk906C+EkZXMtQJ7Oipto0="},"chainType":1,"messageKeys":{}}},"pendingPreKey":{"signedKeyId":0,"baseKey":"Bef7j65ZI+o2SRenfHBH5efblvkwiRXB3gnOFyktPzAe","preKeyId":10831040}},"BWy7K1C2zWS/XobGEV4bkiOzzHMJVJM4Jo3RS9E/jIMF":{"registrationId":2019539840,"currentRatchet":{"ephemeralKeyPair":{"pubKey":"Bd/9YbSQzYxQeMj2eipZkfS52wtq4aJwkK4pCGSQBgcy","privKey":"kDe+tME18GkNUMEIt5RHBOqbF29unbJKEEtOcpy9J2A="},"lastRemoteEphemeralKey":"BVlHX47g5oJxa9cBineeNgS/G+iAdFTiZV9zeFTz5mUZ","previousCounter":22,"rootKey":"kH9hJZI0uKb9ABye5gOAcxNqZxpJPLP29urH1r5Avic="},"indexInfo":{"baseKey":"BWy7K1C2zWS/XobGEV4bkiOzzHMJVJM4Jo3RS9E/jIMF","baseKeyType":1,"closed":1710675342211,"used":1710641396875,"created":1710636847779,"remoteIdentityKey":"BUxBH1X1R2D8aeIDNhHtidQPMUq+6S+0ECINkc59GEcj"},"_chains":{"BVlHX47g5oJxa9cBineeNgS/G+iAdFTiZV9zeFTz5mUZ":{"chainKey":{"counter":0,"key":"QNIDH+tE92+ycQLKsUj47ide4R5oq6TtJ54xrvzqP4o="},"chainType":2,"messageKeys":{}},"Bd/9YbSQzYxQeMj2eipZkfS52wtq4aJwkK4pCGSQBgcy":{"chainKey":{"counter":77,"key":"V7RrFCk6b0LZirx6jMPcggbjLmgTrWXvJiSZm7Hwm7E="},"chainType":1,"messageKeys":{}}}},"BTKaS4QgMr32vJAgW8C9YzXxqFww86dOJS9wlBSuAs0E":{"registrationId":2019539840,"currentRatchet":{"ephemeralKeyPair":{"pubKey":"BdFHhcnZwneKlZsch10dZbLk+ZUARuEgfEz8YIFk/OsJ","privKey":"6BaOnO3JMQYCJkH6s9qoamEJcP81tMQKYDg/Qt2kaXs="},"lastRemoteEphemeralKey":"BYQKP6urxQg7FrMYpiWSaKHwuiLn8J5TZ0JAtOIrb8lm","previousCounter":0,"rootKey":"fdbSI46LRhJu6yCHis4bCJagHzvQq4PCanXvg3vMwU4="},"indexInfo":{"baseKey":"BTKaS4QgMr32vJAgW8C9YzXxqFww86dOJS9wlBSuAs0E","baseKeyType":1,"closed":-1,"used":1710675342195,"created":1710675342195,"remoteIdentityKey":"BUxBH1X1R2D8aeIDNhHtidQPMUq+6S+0ECINkc59GEcj"},"_chains":{"BdFHhcnZwneKlZsch10dZbLk+ZUARuEgfEz8YIFk/OsJ":{"chainKey":{"counter":36,"key":"kAUM9NwxK/8oDAI6+YyII/lSCQb5pDA+U5g2BBbyhLk="},"chainType":1,"messageKeys":{}}},"pendingPreKey":{"signedKeyId":0,"baseKey":"BTKaS4QgMr32vJAgW8C9YzXxqFww86dOJS9wlBSuAs0E","preKeyId":10830316}}},"version":"v1"}