{"_sessions":{"BayYNeik2YHV2NcWVHDDpkpDz3glA5uy7MtYglf+/4ZG":{"registrationId":224,"currentRatchet":{"ephemeralKeyPair":{"pubKey":"BXvPQphhEfuyZhaRyqQDLC8x1Fnq3Wd5TqCXscX3KIkI","privKey":"WGinhiS7tbkUFl+qDv5OQvlKBqPK8pEyTGZadwlHqns="},"lastRemoteEphemeralKey":"Bae9FKprG/H5w0LvKvBNZM7X4wZln9qYHdCHEyuBkNoz","previousCounter":0,"rootKey":"BO5qX7iNA+XBkVdy394PMPDQwu/x1Ql2wrW83yZ4oJE="},"indexInfo":{"baseKey":"BayYNeik2YHV2NcWVHDDpkpDz3glA5uy7MtYglf+/4ZG","baseKeyType":1,"closed":-1,"used":1710599636978,"created":1710599636978,"remoteIdentityKey":"BelKpbsJHMQT4GeMVRjs5NwCiYdrCxCFpuYL6yRgO3Ip"},"_chains":{"BXvPQphhEfuyZhaRyqQDLC8x1Fnq3Wd5TqCXscX3KIkI":{"chainKey":{"counter":696,"key":"S6eZWfyH2Gph+9KiB29mt93TDPZ/XC3bClHT82YeHkI="},"chainType":1,"messageKeys":{}}},"pendingPreKey":{"signedKeyId":1,"baseKey":"BayYNeik2YHV2NcWVHDDpkpDz3glA5uy7MtYglf+/4ZG","preKeyId":27}}},"version":"v1"}