{"_sessions":{"BQmPhtEo2XRgudDKq6hoTndQa/yDrdSmvPnG3/bKEs1F":{"registrationId":1647833972,"currentRatchet":{"ephemeralKeyPair":{"pubKey":"BR2ZlPGgQVVDKddlZ9KUbocRPa+T5WbDz9EJgsyLU94V","privKey":"WGsixUxwVRzRAYP5v8If5A+J8hZtb9+WYMifxkpDCnQ="},"lastRemoteEphemeralKey":"BXGcEIDNdmaVj8orlG4MGcLEebiFYJUPBW363MP2jKx3","previousCounter":0,"rootKey":"+cJevS2XEzFCvtHBDVfdIGlZNJCKRTcy/YoNz9vB9HA="},"indexInfo":{"baseKey":"BQmPhtEo2XRgudDKq6hoTndQa/yDrdSmvPnG3/bKEs1F","baseKeyType":1,"closed":-1,"used":1710599637001,"created":1710599637001,"remoteIdentityKey":"BdSJcFwQICfe45DgYzqHHGPAKRWcyD1XVoYo9ThkHU1J"},"_chains":{"BR2ZlPGgQVVDKddlZ9KUbocRPa+T5WbDz9EJgsyLU94V":{"chainKey":{"counter":128,"key":"WV5af0vc9K/2EwThAeWaZOE3b+85dm7W6ndImg/i6Ng="},"chainType":1,"messageKeys":{}}},"pendingPreKey":{"signedKeyId":2,"baseKey":"BQmPhtEo2XRgudDKq6hoTndQa/yDrdSmvPnG3/bKEs1F","preKeyId":4029651}}},"version":"v1"}