{"_sessions":{"BfHHqD/O40gzqFAickNa/Wvpf/+LThxzr/7GMBzWf0AU":{"registrationId":1030188915,"currentRatchet":{"ephemeralKeyPair":{"pubKey":"BaS/55XgR3ESFY3LmvnekcDNXu6Z6cK/9CHfGyZ2TkUX","privKey":"uF3NJI6BCRfIHwzCUvCpL7CQtUPsyg6oH69/pE+56WY="},"lastRemoteEphemeralKey":"BbarOHEG1zm2tFlI7nk5vTkGlHFko1K8/FjtfXlZAy1k","previousCounter":0,"rootKey":"17QE7RNNT/v8r5654aX7c4ygQg4oTsfLNLQKjvRdigg="},"indexInfo":{"baseKey":"BfHHqD/O40gzqFAickNa/Wvpf/+LThxzr/7GMBzWf0AU","baseKeyType":2,"closed":-1,"used":1710657741997,"created":1710657741997,"remoteIdentityKey":"BQpFzECNDrKmGabTZKYctJvVKm5sj8CsKGNhw69rJpYB"},"_chains":{"BbarOHEG1zm2tFlI7nk5vTkGlHFko1K8/FjtfXlZAy1k":{"chainKey":{"counter":0,"key":"BMNs10EchW0s6SJ5UQdLSQkjff41sYNqsQ8r469wDRw="},"chainType":2,"messageKeys":{}},"BaS/55XgR3ESFY3LmvnekcDNXu6Z6cK/9CHfGyZ2TkUX":{"chainKey":{"counter":-1,"key":"/9q4p2V/08FMUT0h7nUCxdkj6qAh5zB041987IEO650="},"chainType":1,"messageKeys":{}}}}},"version":"v1"}